,open,high,low,close,adjclose,volume,ticker
2017-12-18,20650.0,20650.0,18345.0,19100.0,19100.0,1054.0,BTC=F
2017-12-19,19135.0,19725.0,17180.0,18200.0,18200.0,559.0,BTC=F
2017-12-20,17745.0,18350.0,16435.0,17040.0,17040.0,784.0,BTC=F
2017-12-21,16400.0,17270.0,15080.0,15330.0,15330.0,879.0,BTC=F
2017-12-22,15595.0,15825.0,12265.0,14135.0,14135.0,2374.0,BTC=F
2017-12-26,13900.0,16100.0,13700.0,15785.0,15785.0,406.0,BTC=F
2017-12-27,15655.0,16545.0,14460.0,14690.0,14690.0,507.0,BTC=F
2017-12-28,15150.0,15280.0,13360.0,13745.0,13745.0,746.0,BTC=F
2017-12-29,13965.0,15005.0,13835.0,14470.0,14470.0,1078.0,BTC=F
2018-01-02,13955.0,15245.0,13080.0,14855.0,14855.0,734.0,BTC=F
2018-01-03,14900.0,15450.0,14650.0,14975.0,14975.0,719.0,BTC=F
2018-01-04,14925.0,15470.0,14205.0,14900.0,14900.0,760.0,BTC=F
2018-01-05,15085.0,16845.0,14870.0,16590.0,16590.0,814.0,BTC=F
2018-01-08,16425.0,16455.0,13870.0,14905.0,14905.0,958.0,BTC=F
2018-01-09,14675.0,15365.0,14185.0,14750.0,14750.0,863.0,BTC=F
2018-01-10,14405.0,14720.0,13480.0,14450.0,14450.0,887.0,BTC=F
2018-01-11,14500.0,14910.0,12820.0,13385.0,13385.0,1298.0,BTC=F
2018-01-12,13000.0,14080.0,12850.0,13945.0,13945.0,787.0,BTC=F
2018-01-16,13600.0,14280.0,11160.0,11160.0,11160.0,2552.0,BTC=F
2018-01-17,11190.0,11800.0,9225.0,10945.0,10945.0,2657.0,BTC=F
2018-01-18,11125.0,12075.0,10645.0,11815.0,11815.0,1708.0,BTC=F
2018-01-19,11335.0,12030.0,10990.0,11360.0,11360.0,979.0,BTC=F
2018-01-22,11300.0,11830.0,9955.0,10355.0,10355.0,1137.0,BTC=F
2018-01-23,10625.0,11350.0,9865.0,11095.0,11095.0,1241.0,BTC=F
2018-01-24,10790.0,11455.0,10435.0,11115.0,11115.0,838.0,BTC=F
2018-01-25,11090.0,11710.0,10830.0,11245.0,11245.0,769.0,BTC=F
2018-01-26,11355.0,11570.0,10925.400390625,10925.400390625,10925.400390625,573.0,BTC=F
2018-01-29,11510.0,11775.0,10970.0,11170.0,11170.0,463.0,BTC=F
2018-01-30,11120.0,11245.0,9720.0,9940.0,9940.0,1137.0,BTC=F
2018-01-31,10000.0,10275.0,9500.0,10000.0,10000.0,842.0,BTC=F
2018-02-01,10020.0,10175.0,8480.0,9090.0,9090.0,1485.0,BTC=F
2018-02-02,8890.0,9075.0,7750.0,8585.0,8585.0,2535.0,BTC=F
2018-02-05,8305.0,8315.0,6870.0,7260.0,7260.0,2186.0,BTC=F
2018-02-06,6850.0,7920.0,5970.0,7550.0,7550.0,2234.0,BTC=F
2018-02-07,7620.0,8540.0,7235.0,8245.0,8245.0,1379.0,BTC=F
2018-02-08,7790.0,8690.0,7645.0,8325.0,8325.0,906.0,BTC=F
2018-02-09,8165.0,8770.0,7715.0,8610.0,8610.0,764.0,BTC=F
2018-02-12,8380.0,8920.0,8075.0,8860.0,8860.0,679.0,BTC=F
2018-02-13,8925.0,9000.0,8335.0,8700.0,8700.0,550.0,BTC=F
2018-02-14,8505.0,9390.0,8505.0,9290.0,9290.0,944.0,BTC=F
2018-02-15,9400.0,10180.0,9375.0,10090.0,10090.0,1783.0,BTC=F
2018-02-16,10090.0,10265.0,9675.0,10020.0,10020.0,1101.0,BTC=F
2018-02-20,10350.0,11760.0,10315.0,11735.0,11735.0,2080.0,BTC=F
2018-02-21,11240.0,11340.0,10220.0,10370.0,10370.0,1326.0,BTC=F
2018-02-22,10505.0,10900.0,9710.0,10085.0,10085.0,1168.0,BTC=F
2018-02-23,9975.0,10360.0,9590.0,10319.400390625,10319.400390625,0.0,BTC=F
2018-02-26,9680.0,10390.0,9270.0,10250.0,10250.0,745.0,BTC=F
2018-02-27,10285.0,10875.0,10100.0,10660.0,10660.0,761.0,BTC=F
2018-02-28,10665.0,11005.0,10330.0,10645.0,10645.0,1130.0,BTC=F
2018-03-01,10450.0,11100.0,10220.0,11065.0,11065.0,1345.0,BTC=F
2018-03-02,11035.0,11215.0,10760.0,11060.0,11060.0,748.0,BTC=F
2018-03-05,11350.0,11700.0,11340.0,11615.0,11615.0,990.0,BTC=F
2018-03-06,11595.0,11655.0,10570.0,10650.0,10650.0,1580.0,BTC=F
2018-03-07,10735.0,10880.0,9385.0,9790.0,9790.0,1888.0,BTC=F
2018-03-08,9970.0,10100.0,9105.0,9400.0,9400.0,2524.0,BTC=F
2018-03-09,9350.0,9445.0,8390.0,9015.0,9015.0,2742.0,BTC=F
2018-03-12,9490.0,9940.0,8735.0,8910.0,8910.0,2732.0,BTC=F
2018-03-13,9165.0,9515.0,8825.0,9070.0,9070.0,3375.0,BTC=F
2018-03-14,8905.0,9395.0,8185.0,8275.0,8275.0,2638.0,BTC=F
2018-03-15,8005.0,8450.0,7700.0,8235.0,8235.0,3093.0,BTC=F
2018-03-16,8340.0,8640.0,7885.0,8555.0,8555.0,3065.0,BTC=F
2018-03-19,8275.0,8720.0,8100.0,8400.0,8400.0,2746.0,BTC=F
2018-03-20,8420.0,9025.0,8320.0,8945.0,8945.0,2050.0,BTC=F
2018-03-21,8990.0,9185.0,8775.0,8890.0,8890.0,1829.0,BTC=F
2018-03-22,8905.0,9095.0,8500.0,8630.0,8630.0,2123.0,BTC=F
2018-03-23,8650.0,8770.0,8270.0,8615.0,8615.0,2895.0,BTC=F
2018-03-26,8650.0,8650.0,7840.0,7910.0,7910.0,2433.0,BTC=F
2018-03-27,7880.0,8270.0,7760.0,7895.0,7895.0,3738.0,BTC=F
2018-03-28,8010.0,8100.0,7735.0,7875.0,7875.0,3252.0,BTC=F
2018-03-29,7885.0,7995.0,7345.0,7389.91015625,7389.91015625,1684.0,BTC=F
2018-04-02,6905.0,7150.0,6775.0,6990.0,6990.0,3539.0,BTC=F
2018-04-03,6975.0,7520.0,6965.0,7460.0,7460.0,2274.0,BTC=F
2018-04-04,7430.0,7440.0,6725.0,6860.0,6860.0,2951.0,BTC=F
2018-04-05,6790.0,6925.0,6550.0,6760.0,6760.0,4565.0,BTC=F
2018-04-06,6760.0,6890.0,6485.0,6630.0,6630.0,2415.0,BTC=F
2018-04-09,7025.0,7225.0,6605.0,6675.0,6675.0,3348.0,BTC=F
2018-04-10,6705.0,6880.0,6640.0,6840.0,6840.0,1882.0,BTC=F
2018-04-11,6860.0,6970.0,6785.0,6920.0,6920.0,1746.0,BTC=F
2018-04-12,6920.0,8105.0,6660.0,7680.0,7680.0,4825.0,BTC=F
2018-04-13,7790.0,8235.0,7760.0,8105.0,8105.0,3045.0,BTC=F
2018-04-16,8005.0,8445.0,7880.0,7980.0,7980.0,3858.0,BTC=F
2018-04-17,8015.0,8180.0,7805.0,7885.0,7885.0,2676.0,BTC=F
2018-04-18,7870.0,8240.0,7860.0,8125.0,8125.0,2826.0,BTC=F
2018-04-19,8190.0,8315.0,8100.0,8260.0,8260.0,2718.0,BTC=F
2018-04-20,8300.0,8585.0,8235.0,8540.0,8540.0,2318.0,BTC=F
2018-04-23,8910.0,9015.0,8775.0,8845.0,8845.0,2952.0,BTC=F
2018-04-24,8965.0,9465.0,8920.0,9455.0,9455.0,4681.0,BTC=F
2018-04-25,9480.0,9765.0,8755.0,8970.0,8970.0,10346.0,BTC=F
2018-04-26,9170.0,9185.0,8635.0,8865.0,8865.0,4924.0,BTC=F
2018-04-27,9130.0,9375.0,9115.0,9231.1201171875,9231.1201171875,2190.0,BTC=F
2018-04-30,9375.0,9495.0,9140.0,9365.0,9365.0,2999.0,BTC=F
2018-05-01,9285.0,9315.0,8815.0,8985.0,8985.0,3143.0,BTC=F
2018-05-02,9070.0,9210.0,8985.0,9150.0,9150.0,2093.0,BTC=F
2018-05-03,9245.0,9805.0,9180.0,9675.0,9675.0,4177.0,BTC=F
2018-05-04,9710.0,9840.0,9540.0,9670.0,9670.0,3762.0,BTC=F
2018-05-07,9605.0,9705.0,9160.0,9435.0,9435.0,4705.0,BTC=F
2018-05-08,9410.0,9490.0,9010.0,9235.0,9235.0,4435.0,BTC=F
2018-05-09,9185.0,9375.0,8955.0,9280.0,9280.0,3015.0,BTC=F
2018-05-10,9255.0,9415.0,9040.0,9090.0,9090.0,3063.0,BTC=F
2018-05-11,9110.0,9125.0,8380.0,8625.0,8625.0,4980.0,BTC=F
2018-05-14,8660.0,8900.0,8285.0,8755.0,8755.0,5754.0,BTC=F
2018-05-15,8735.0,8850.0,8435.0,8555.0,8555.0,4222.0,BTC=F
2018-05-16,8475.0,8545.0,8115.0,8250.0,8250.0,4978.0,BTC=F
2018-05-17,8290.0,8460.0,8115.0,8180.0,8180.0,2872.0,BTC=F
2018-05-18,8225.0,8275.0,7915.0,8230.0,8230.0,3390.0,BTC=F
2018-05-21,8525.0,8680.0,8320.0,8375.0,8375.0,2701.0,BTC=F
2018-05-22,8345.0,8420.0,8070.0,8180.0,8180.0,2341.0,BTC=F
2018-05-23,8050.0,8075.0,7425.0,7590.0,7590.0,4586.0,BTC=F
2018-05-24,7620.0,7720.0,7230.0,7580.0,7580.0,4427.0,BTC=F
2018-05-25,7530.0,7650.0,7315.0,7493.93994140625,7493.93994140625,2069.0,BTC=F
2018-05-29,7190.0,7580.0,7050.0,7495.0,7495.0,5052.0,BTC=F
2018-05-30,7505.0,7620.0,7270.0,7320.0,7320.0,2471.0,BTC=F
2018-05-31,7335.0,7660.0,7335.0,7545.0,7545.0,2102.0,BTC=F
2018-06-01,7550.0,7620.0,7300.0,7440.0,7440.0,2197.0,BTC=F
2018-06-04,7715.0,7900.0,7460.0,7500.0,7500.0,1625.0,BTC=F
2018-06-05,7515.0,7670.0,7360.0,7625.0,7625.0,2069.0,BTC=F
2018-06-06,7605.0,7695.0,7485.0,7540.0,7540.0,1450.0,BTC=F
2018-06-07,7695.0,7780.0,7640.0,7705.0,7705.0,1437.0,BTC=F
2018-06-08,7670.0,7705.0,7540.0,7655.0,7655.0,1301.0,BTC=F
2018-06-11,7120.0,7120.0,6610.0,6750.0,6750.0,3861.0,BTC=F
2018-06-12,6770.0,6890.0,6425.0,6500.0,6500.0,3875.0,BTC=F
2018-06-13,6470.0,6620.0,6100.0,6270.0,6270.0,5146.0,BTC=F
2018-06-14,6275.0,6705.0,6250.0,6635.0,6635.0,4461.0,BTC=F
2018-06-15,6670.0,6670.0,6440.0,6530.0,6530.0,2485.0,BTC=F
2018-06-18,6495.0,6785.0,6340.0,6695.0,6695.0,2794.0,BTC=F
2018-06-19,6710.0,6840.0,6650.0,6735.0,6735.0,1563.0,BTC=F
2018-06-20,6705.0,6815.0,6545.0,6745.0,6745.0,2108.0,BTC=F
2018-06-21,6705.0,6780.0,6670.0,6710.0,6710.0,1135.0,BTC=F
2018-06-22,6705.0,6735.0,5960.0,6165.0,6165.0,3832.0,BTC=F
2018-06-25,6150.0,6345.0,6065.0,6245.0,6245.0,4762.0,BTC=F
2018-06-26,6255.0,6275.0,6120.0,6160.0,6160.0,3173.0,BTC=F
2018-06-27,6210.0,6210.0,5975.0,6160.0,6160.0,3229.0,BTC=F
2018-06-28,6140.0,6180.0,6025.0,6085.0,6085.0,1962.0,BTC=F
2018-06-29,5915.0,5945.0,5805.0,5885.8798828125,5885.8798828125,2512.0,BTC=F
2018-07-02,6275.0,6680.0,6260.0,6625.0,6625.0,3977.0,BTC=F
2018-07-03,6645.0,6660.0,6530.0,6580.0,6580.0,0.0,BTC=F
2018-07-05,6690.0,6700.0,6430.0,6505.0,6505.0,6739.0,BTC=F
2018-07-06,6490.0,6640.0,6430.0,6565.0,6565.0,2038.0,BTC=F
2018-07-09,6745.0,6760.0,6645.0,6695.0,6695.0,1765.0,BTC=F
2018-07-10,6695.0,6785.0,6295.0,6355.0,6355.0,3084.0,BTC=F
2018-07-11,6355.0,6380.0,6245.0,6330.0,6330.0,2719.0,BTC=F
2018-07-12,6355.0,6365.0,6110.0,6160.0,6160.0,3076.0,BTC=F
2018-07-13,6160.0,6340.0,6060.0,6165.0,6165.0,3558.0,BTC=F
2018-07-16,6370.0,6710.0,6320.0,6675.0,6675.0,3171.0,BTC=F
2018-07-17,6665.0,7470.0,6655.0,7305.0,7305.0,5582.0,BTC=F
2018-07-18,7385.0,7595.0,7240.0,7395.0,7395.0,6956.0,BTC=F
2018-07-19,7325.0,7510.0,7275.0,7450.0,7450.0,4580.0,BTC=F
2018-07-20,7435.0,7700.0,7270.0,7340.0,7340.0,6978.0,BTC=F
2018-07-23,7380.0,7820.0,7335.0,7735.0,7735.0,8545.0,BTC=F
2018-07-24,7740.0,8365.0,7680.0,8260.0,8260.0,11464.0,BTC=F
2018-07-25,8255.0,8490.0,8025.0,8145.0,8145.0,11553.0,BTC=F
2018-07-26,8260.0,8310.0,8115.0,8275.0,8275.0,6288.0,BTC=F
2018-07-27,7960.0,8030.0,7790.0,7855.259765625,7855.259765625,9284.0,BTC=F
2018-07-30,8140.0,8265.0,7845.0,8100.0,8100.0,8136.0,BTC=F
2018-07-31,8120.0,8200.0,7640.0,7730.0,7730.0,9415.0,BTC=F
2018-08-01,7695.0,7760.0,7440.0,7545.0,7545.0,9125.0,BTC=F
2018-08-02,7460.0,7700.0,7430.0,7525.0,7525.0,5552.0,BTC=F
2018-08-03,7525.0,7560.0,7270.0,7370.0,7370.0,5700.0,BTC=F
2018-08-06,7080.0,7140.0,6870.0,6920.0,6920.0,5117.0,BTC=F
2018-08-07,6845.0,7155.0,6825.0,6990.0,6990.0,5037.0,BTC=F
2018-08-08,6765.0,6785.0,6105.0,6330.0,6330.0,8099.0,BTC=F
2018-08-09,6300.0,6545.0,6170.0,6460.0,6460.0,6827.0,BTC=F
2018-08-10,6555.0,6605.0,6105.0,6390.0,6390.0,6444.0,BTC=F
2018-08-13,6405.0,6555.0,6135.0,6230.0,6230.0,7804.0,BTC=F
2018-08-14,6240.0,6280.0,5850.0,6075.0,6075.0,6904.0,BTC=F
2018-08-15,6105.0,6600.0,6075.0,6375.0,6375.0,6993.0,BTC=F
2018-08-16,6400.0,6475.0,6185.0,6405.0,6405.0,4378.0,BTC=F
2018-08-17,6265.0,6545.0,6245.0,6480.0,6480.0,4288.0,BTC=F
2018-08-20,6490.0,6515.0,6360.0,6430.0,6430.0,2381.0,BTC=F
2018-08-21,6395.0,6470.0,6205.0,6425.0,6425.0,3319.0,BTC=F
2018-08-22,6440.0,6870.0,6250.0,6405.0,6405.0,5379.0,BTC=F
2018-08-23,6350.0,6465.0,6225.0,6405.0,6405.0,3554.0,BTC=F
2018-08-24,6460.0,6640.0,6450.0,6615.0,6615.0,2656.0,BTC=F
2018-08-27,6655.0,6760.0,6650.0,6730.0,6730.0,2398.0,BTC=F
2018-08-28,6720.0,7125.0,6715.0,7090.0,7090.0,5220.0,BTC=F
2018-08-29,7100.0,7120.0,6890.0,7000.0,7000.0,3899.0,BTC=F
2018-08-30,7045.0,7055.0,6795.0,6815.0,6815.0,4779.0,BTC=F
2018-08-31,6940.0,7025.0,6895.0,6925.56005859375,6925.56005859375,0.0,BTC=F
2018-09-04,7305.0,7410.0,7220.0,7350.0,7350.0,5305.0,BTC=F
2018-09-05,7355.0,7395.0,6840.0,6900.0,6900.0,4585.0,BTC=F
2018-09-06,6925.0,6925.0,6215.0,6430.0,6430.0,5796.0,BTC=F
2018-09-07,6410.0,6505.0,6280.0,6390.0,6390.0,2475.0,BTC=F
2018-09-10,6340.0,6350.0,6175.0,6265.0,6265.0,1936.0,BTC=F
2018-09-11,6260.0,6385.0,6120.0,6230.0,6230.0,1857.0,BTC=F
2018-09-12,6270.0,6335.0,6175.0,6290.0,6290.0,1581.0,BTC=F
2018-09-13,6295.0,6525.0,6295.0,6435.0,6435.0,2350.0,BTC=F
2018-09-14,6450.0,6575.0,6330.0,6525.0,6525.0,2085.0,BTC=F
2018-09-17,6470.0,6525.0,6165.0,6230.0,6230.0,2337.0,BTC=F
2018-09-18,6210.0,6370.0,6180.0,6275.0,6275.0,1108.0,BTC=F
2018-09-19,6305.0,6535.0,6035.0,6375.0,6375.0,3037.0,BTC=F
2018-09-20,6365.0,6435.0,6310.0,6400.0,6400.0,1373.0,BTC=F
2018-09-21,6470.0,6775.0,6455.0,6740.0,6740.0,3627.0,BTC=F
2018-09-24,6665.0,6720.0,6555.0,6610.0,6610.0,2081.0,BTC=F
2018-09-25,6605.0,6605.0,6315.0,6355.0,6355.0,3388.0,BTC=F
2018-09-26,6385.0,6535.0,6365.0,6485.0,6485.0,3381.0,BTC=F
2018-09-27,6460.0,6745.0,6415.0,6655.0,6655.0,3087.0,BTC=F
2018-09-28,6720.0,6800.0,6570.0,6647.7998046875,6647.7998046875,4965.0,BTC=F
2018-10-01,6560.0,6625.0,6455.0,6540.0,6540.0,1477.0,BTC=F
2018-10-02,6550.0,6585.0,6435.0,6510.0,6510.0,1131.0,BTC=F
2018-10-03,6510.0,6520.0,6345.0,6425.0,6425.0,1356.0,BTC=F
2018-10-04,6415.0,6610.0,6405.0,6555.0,6555.0,1697.0,BTC=F
2018-10-05,6530.0,6580.0,6500.0,6530.0,6530.0,928.0,BTC=F
2018-10-08,6530.0,6675.0,6515.0,6630.0,6630.0,1783.0,BTC=F
2018-10-09,6620.0,6620.0,6535.0,6580.0,6580.0,1004.0,BTC=F
2018-10-10,6580.0,6590.0,6450.0,6540.0,6540.0,1700.0,BTC=F
2018-10-11,6515.0,6535.0,6030.0,6180.0,6180.0,4268.0,BTC=F
2018-10-12,6180.0,6225.0,6095.0,6185.0,6185.0,1908.0,BTC=F
2018-10-15,6165.0,6770.0,6110.0,6390.0,6390.0,6704.0,BTC=F
2018-10-16,6390.0,6495.0,6380.0,6420.0,6420.0,1604.0,BTC=F
2018-10-17,6445.0,6480.0,6400.0,6420.0,6420.0,1189.0,BTC=F
2018-10-18,6430.0,6480.0,6330.0,6390.0,6390.0,2759.0,BTC=F
2018-10-19,6375.0,6405.0,6340.0,6380.0,6380.0,1108.0,BTC=F
2018-10-22,6415.0,6445.0,6360.0,6395.0,6395.0,1752.0,BTC=F
2018-10-23,6400.0,6425.0,6350.0,6395.0,6395.0,1492.0,BTC=F
2018-10-24,6395.0,6490.0,6380.0,6425.0,6425.0,2799.0,BTC=F
2018-10-25,6420.0,6420.0,6315.0,6405.0,6405.0,2486.0,BTC=F
2018-10-26,6395.0,6455.0,6375.0,6391.68994140625,6391.68994140625,2434.0,BTC=F
2018-10-29,6390.0,6440.0,6185.0,6240.0,6240.0,3904.0,BTC=F
2018-10-30,6245.0,6290.0,6230.0,6245.0,6245.0,1992.0,BTC=F
2018-10-31,6255.0,6340.0,6170.0,6295.0,6295.0,3161.0,BTC=F
2018-11-01,6295.0,6335.0,6290.0,6315.0,6315.0,1174.0,BTC=F
2018-11-02,6335.0,6375.0,6320.0,6345.0,6345.0,1647.0,BTC=F
2018-11-05,6400.0,6450.0,6365.0,6390.0,6390.0,2336.0,BTC=F
2018-11-06,6395.0,6475.0,6385.0,6415.0,6415.0,3048.0,BTC=F
2018-11-07,6430.0,6545.0,6430.0,6510.0,6510.0,4263.0,BTC=F
2018-11-08,6510.0,6525.0,6370.0,6410.0,6410.0,4418.0,BTC=F
2018-11-09,6400.0,6415.0,6240.0,6335.0,6335.0,2878.0,BTC=F
2018-11-12,6290.0,6395.0,6290.0,6325.0,6325.0,1997.0,BTC=F
2018-11-13,6315.0,6325.0,6225.0,6285.0,6285.0,2534.0,BTC=F
2018-11-14,6290.0,6290.0,5230.0,5365.0,5365.0,8940.0,BTC=F
2018-11-15,5510.0,5590.0,5155.0,5425.0,5425.0,8633.0,BTC=F
2018-11-16,5435.0,5550.0,5385.0,5450.0,5450.0,3416.0,BTC=F
2018-11-19,5500.0,5515.0,4560.0,4835.0,4835.0,11321.0,BTC=F
2018-11-20,4740.0,4870.0,4015.0,4240.0,4240.0,12827.0,BTC=F
2018-11-21,4230.0,4620.0,4165.0,4390.0,4390.0,6540.0,BTC=F
2018-11-23,4370.0,4375.0,4085.0,4190.0,4190.0,5146.0,BTC=F
2018-11-26,3965.0,4055.0,3515.0,3605.0,3605.0,8901.0,BTC=F
2018-11-27,3635.0,3790.0,3550.0,3720.0,3720.0,6129.0,BTC=F
2018-11-28,3790.0,4365.0,3750.0,4300.0,4300.0,6789.0,BTC=F
2018-11-29,4195.0,4400.0,4075.0,4180.0,4180.0,5112.0,BTC=F
2018-11-30,4215.0,4280.0,3870.0,3953.0,3953.0,5068.0,BTC=F
2018-12-03,4090.0,4130.0,3690.0,3800.0,3800.0,3383.0,BTC=F
2018-12-04,3905.0,4015.0,3690.0,3840.0,3840.0,3059.0,BTC=F
2018-12-06,3670.0,3960.0,3360.0,3600.0,3600.0,5768.0,BTC=F
2018-12-07,3575.0,3595.0,3135.0,3300.0,3300.0,6081.0,BTC=F
2018-12-10,3495.0,3580.0,3330.0,3375.0,3375.0,1918.0,BTC=F
2018-12-11,3380.0,3405.0,3265.0,3320.0,3320.0,1989.0,BTC=F
2018-12-12,3345.0,3470.0,3305.0,3420.0,3420.0,2665.0,BTC=F
2018-12-13,3395.0,3420.0,3190.0,3215.0,3215.0,3796.0,BTC=F
2018-12-14,3235.0,3265.0,3120.0,3145.0,3145.0,3046.0,BTC=F
2018-12-17,3180.0,3570.0,3165.0,3530.0,3530.0,4114.0,BTC=F
2018-12-18,3475.0,3560.0,3425.0,3495.0,3495.0,3415.0,BTC=F
2018-12-19,3550.0,3890.0,3550.0,3695.0,3695.0,4997.0,BTC=F
2018-12-20,3675.0,4150.0,3635.0,3875.0,3875.0,4834.0,BTC=F
2018-12-21,4040.0,4135.0,3605.0,3775.0,3775.0,5616.0,BTC=F
2018-12-24,3950.0,4265.0,3925.0,4070.0,4070.0,2415.0,BTC=F
2018-12-26,3775.0,3850.0,3610.0,3760.0,3760.0,2751.0,BTC=F
2018-12-27,3800.0,3840.0,3535.0,3565.0,3565.0,3404.0,BTC=F
2018-12-28,3560.0,3800.0,3560.0,3708.56005859375,3708.56005859375,4180.0,BTC=F
2018-12-31,3800.0,3810.0,3600.0,3650.0,3650.0,1961.0,BTC=F
2019-01-02,3720.0,3855.0,3685.0,3830.0,3830.0,3227.0,BTC=F
2019-01-03,3850.0,3870.0,3710.0,3760.0,3760.0,3620.0,BTC=F
2019-01-04,3755.0,3875.0,3690.0,3745.0,3745.0,3919.0,BTC=F
2019-01-07,3990.0,4070.0,3945.0,3985.0,3985.0,2757.0,BTC=F
2019-01-08,3980.0,4095.0,3925.0,3985.0,3985.0,4171.0,BTC=F
2019-01-09,3990.0,4030.0,3950.0,3990.0,3990.0,3683.0,BTC=F
2019-01-10,3995.0,4020.0,3525.0,3605.0,3605.0,5744.0,BTC=F
2019-01-11,3600.0,3685.0,3560.0,3635.0,3635.0,4216.0,BTC=F
2019-01-14,3490.0,3700.0,3400.0,3650.0,3650.0,4387.0,BTC=F
2019-01-15,3650.0,3665.0,3490.0,3535.0,3535.0,3786.0,BTC=F
2019-01-16,3550.0,3645.0,3545.0,3560.0,3560.0,4110.0,BTC=F
2019-01-17,3570.0,3645.0,3515.0,3605.0,3605.0,3564.0,BTC=F
2019-01-18,3615.0,3630.0,3540.0,3585.0,3585.0,2669.0,BTC=F
2019-01-22,3525.0,3620.0,3390.0,3580.0,3580.0,6725.0,BTC=F
2019-01-23,3575.0,3615.0,3510.0,3535.0,3535.0,5040.0,BTC=F
2019-01-24,3545.0,3590.0,3520.0,3565.0,3565.0,2786.0,BTC=F
2019-01-25,3560.0,3580.0,3510.0,3560.0,3560.0,3678.0,BTC=F
2019-01-28,3485.0,3515.0,3325.0,3380.0,3380.0,4345.0,BTC=F
2019-01-29,3385.0,3395.0,3300.0,3370.0,3370.0,2453.0,BTC=F
2019-01-30,3360.0,3435.0,3345.0,3410.0,3410.0,3311.0,BTC=F
2019-01-31,3420.0,3455.0,3365.0,3395.0,3395.0,4066.0,BTC=F
2019-02-01,3385.0,3440.0,3345.0,3425.0,3425.0,4692.0,BTC=F
2019-02-04,3380.0,3415.0,3375.0,3395.0,3395.0,2947.0,BTC=F
2019-02-05,3390.0,3415.0,3380.0,3400.0,3400.0,1566.0,BTC=F
2019-02-06,3405.0,3420.0,3310.0,3340.0,3340.0,3783.0,BTC=F
2019-02-07,3345.0,3370.0,3335.0,3340.0,3340.0,1731.0,BTC=F
2019-02-08,3350.0,3730.0,3325.0,3615.0,3615.0,9872.0,BTC=F
2019-02-11,3610.0,3650.0,3580.0,3605.0,3605.0,5075.0,BTC=F
2019-02-12,3595.0,3625.0,3550.0,3605.0,3605.0,3944.0,BTC=F
2019-02-13,3575.0,3630.0,3555.0,3570.0,3570.0,2811.0,BTC=F
2019-02-14,3575.0,3595.0,3530.0,3565.0,3565.0,2122.0,BTC=F
2019-02-15,3565.0,3620.0,3545.0,3565.0,3565.0,2597.0,BTC=F
2019-02-19,3600.0,3970.0,3595.0,3935.0,3935.0,15944.0,BTC=F
2019-02-20,3910.0,3965.0,3870.0,3935.0,3935.0,5226.0,BTC=F
2019-02-21,3920.0,3985.0,3855.0,3895.0,3895.0,5427.0,BTC=F
2019-02-22,3885.0,3955.0,3885.0,3930.77001953125,3930.77001953125,4000.0,BTC=F
2019-02-25,3770.0,3845.0,3705.0,3820.0,3820.0,5866.0,BTC=F
2019-02-26,3805.0,3820.0,3745.0,3775.0,3775.0,3067.0,BTC=F
2019-02-27,3780.0,3815.0,3620.0,3710.0,3710.0,4843.0,BTC=F
2019-02-28,3765.0,3875.0,3745.0,3790.0,3790.0,6752.0,BTC=F
2019-03-01,3785.0,3830.0,3780.0,3820.0,3820.0,1825.0,BTC=F
2019-03-04,3780.0,3795.0,3660.0,3690.0,3690.0,4577.0,BTC=F
2019-03-05,3675.0,3865.0,3655.0,3835.0,3835.0,4969.0,BTC=F
2019-03-06,3835.0,3900.0,3810.0,3840.0,3840.0,4104.0,BTC=F
2019-03-07,3855.0,3890.0,3830.0,3870.0,3870.0,4092.0,BTC=F
2019-03-08,3905.0,3920.0,3845.0,3890.0,3890.0,3781.0,BTC=F
2019-03-11,3885.0,3915.0,3810.0,3835.0,3835.0,3539.0,BTC=F
2019-03-12,3845.0,3880.0,3790.0,3845.0,3845.0,2961.0,BTC=F
2019-03-13,3855.0,3870.0,3820.0,3845.0,3845.0,2105.0,BTC=F
2019-03-14,3840.0,3905.0,3775.0,3845.0,3845.0,4463.0,BTC=F
2019-03-15,3850.0,3910.0,3845.0,3900.0,3900.0,2938.0,BTC=F
2019-03-18,3965.0,4025.0,3935.0,3960.0,3960.0,2756.0,BTC=F
2019-03-19,3970.0,4015.0,3950.0,3995.0,3995.0,2332.0,BTC=F
2019-03-20,3990.0,4020.0,3965.0,4010.0,4010.0,2560.0,BTC=F
2019-03-21,4015.0,4060.0,3900.0,3965.0,3965.0,3769.0,BTC=F
2019-03-22,3970.0,3995.0,3955.0,3980.0,3980.0,1704.0,BTC=F
2019-03-25,3965.0,3970.0,3845.0,3895.0,3895.0,2410.0,BTC=F
2019-03-26,3885.0,3915.0,3880.0,3905.0,3905.0,1996.0,BTC=F
2019-03-27,3905.0,4035.0,3905.0,4005.0,4005.0,4108.0,BTC=F
2019-03-28,4010.0,4035.0,3995.0,4010.0,4010.0,1888.0,BTC=F
2019-03-29,4005.0,4100.0,4000.0,4079.360107421875,4079.360107421875,4797.0,BTC=F
2019-04-01,4090.0,4145.0,4040.0,4125.0,4125.0,1897.0,BTC=F
2019-04-02,4135.0,5095.0,4130.0,4775.0,4775.0,10442.0,BTC=F
2019-04-03,4810.0,5325.0,4810.0,5150.0,5150.0,16115.0,BTC=F
2019-04-04,5210.0,5275.0,4780.0,4840.0,4840.0,21775.0,BTC=F
2019-04-05,4935.0,5070.0,4890.0,5020.0,5020.0,9560.0,BTC=F
2019-04-08,5165.0,5370.0,5130.0,5210.0,5210.0,16170.0,BTC=F
2019-04-09,5290.0,5320.0,5150.0,5220.0,5220.0,8967.0,BTC=F
2019-04-10,5220.0,5480.0,5160.0,5415.0,5415.0,7838.0,BTC=F
2019-04-11,5300.0,5355.0,4965.0,5075.0,5075.0,11268.0,BTC=F
2019-04-12,5030.0,5125.0,4900.0,5065.0,5065.0,7931.0,BTC=F
2019-04-15,5110.0,5200.0,4945.0,5010.0,5010.0,10075.0,BTC=F
2019-04-16,5030.0,5235.0,5025.0,5200.0,5200.0,6800.0,BTC=F
2019-04-17,5215.0,5285.0,5185.0,5235.0,5235.0,6698.0,BTC=F
2019-04-18,5230.0,5325.0,5205.0,5295.0,5295.0,6451.0,BTC=F
2019-04-22,5275.0,5450.0,5255.0,5395.0,5395.0,9800.0,BTC=F
2019-04-23,5400.0,5665.0,5375.0,5590.0,5590.0,10603.0,BTC=F
2019-04-24,5580.0,5625.0,5370.0,5435.0,5435.0,11087.0,BTC=F
2019-04-25,5440.0,5510.0,5380.0,5490.0,5490.0,3535.0,BTC=F
2019-04-26,5400.0,5400.0,4945.0,5162.33984375,5162.33984375,8655.0,BTC=F
2019-04-29,5095.0,5185.0,5070.0,5140.0,5140.0,3421.0,BTC=F
2019-04-30,5140.0,5285.0,5090.0,5230.0,5230.0,4094.0,BTC=F
2019-05-01,5250.0,5350.0,5250.0,5300.0,5300.0,3557.0,BTC=F
2019-05-02,5285.0,5415.0,5280.0,5390.0,5390.0,4551.0,BTC=F
2019-05-03,5390.0,5800.0,5355.0,5670.0,5670.0,13229.0,BTC=F
2019-05-06,5735.0,5795.0,5565.0,5745.0,5745.0,7075.0,BTC=F
2019-05-07,5700.0,5985.0,5685.0,5845.0,5845.0,10086.0,BTC=F
2019-05-08,5885.0,5915.0,5640.0,5900.0,5900.0,7023.0,BTC=F
2019-05-09,5905.0,6120.0,5850.0,6065.0,6065.0,6973.0,BTC=F
2019-05-10,6125.0,6430.0,6110.0,6365.0,6365.0,9795.0,BTC=F
2019-05-13,7150.0,8030.0,6870.0,7950.0,7950.0,31433.0,BTC=F
2019-05-14,8145.0,8385.0,7630.0,7780.0,7780.0,26372.0,BTC=F
2019-05-15,7815.0,8300.0,7815.0,8225.0,8225.0,13408.0,BTC=F
2019-05-16,8185.0,8445.0,7725.0,7875.0,7875.0,19966.0,BTC=F
2019-05-17,7940.0,7990.0,6320.0,7180.0,7180.0,15465.0,BTC=F
2019-05-20,8075.0,8380.0,7620.0,7850.0,7850.0,15195.0,BTC=F
2019-05-21,8065.0,8140.0,7840.0,8050.0,8050.0,7778.0,BTC=F
2019-05-22,8030.0,8075.0,7710.0,7950.0,7950.0,10834.0,BTC=F
2019-05-23,7685.0,7895.0,7485.0,7810.0,7810.0,10992.0,BTC=F
2019-05-24,7845.0,8230.0,7815.0,8085.0,8085.0,12003.0,BTC=F
2019-05-28,8660.0,9035.0,8550.0,8705.0,8705.0,18551.0,BTC=F
2019-05-29,8730.0,8775.0,8420.0,8690.0,8690.0,11721.0,BTC=F
2019-05-30,8660.0,9125.0,8345.0,8620.0,8620.0,11446.0,BTC=F
2019-05-31,8290.0,8440.0,8100.0,8414.1796875,8414.1796875,8559.0,BTC=F
2019-06-03,8730.0,8865.0,8385.0,8640.0,8640.0,4641.0,BTC=F
2019-06-04,8560.0,8565.0,7515.0,7625.0,7625.0,11780.0,BTC=F
2019-06-05,7525.0,7970.0,7435.0,7835.0,7835.0,2851.0,BTC=F
2019-06-06,7745.0,7915.0,7460.0,7610.0,7610.0,4391.0,BTC=F
2019-06-07,7765.0,8175.0,7740.0,8010.0,8010.0,2925.0,BTC=F
2019-06-10,7675.0,8115.0,7515.0,8010.0,8010.0,3256.0,BTC=F
2019-06-11,7980.0,8085.0,7720.0,7920.0,7920.0,2537.0,BTC=F
2019-06-12,7930.0,8340.0,7830.0,8195.0,8195.0,3930.0,BTC=F
2019-06-13,8180.0,8330.0,8070.0,8285.0,8285.0,2079.0,BTC=F
2019-06-14,8365.0,8515.0,8215.0,8440.0,8440.0,2084.0,BTC=F
2019-06-17,9065.0,9495.0,9055.0,9380.0,9380.0,6926.0,BTC=F
2019-06-18,9365.0,9575.0,8985.0,9115.0,9115.0,6733.0,BTC=F
2019-06-19,9020.0,9255.0,8985.0,9210.0,9210.0,2222.0,BTC=F
2019-06-20,9320.0,9705.0,9260.0,9625.0,9625.0,5347.0,BTC=F
2019-06-21,9615.0,10060.0,9560.0,9980.0,9980.0,6905.0,BTC=F
2019-06-24,10925.0,11160.0,10615.0,10945.0,10945.0,9902.0,BTC=F
2019-06-25,11035.0,11525.0,11010.0,11380.0,11380.0,10348.0,BTC=F
2019-06-26,11520.0,13915.0,11520.0,13885.0,13885.0,21334.0,BTC=F
2019-06-27,12500.0,13340.0,10285.0,10855.0,10855.0,23272.0,BTC=F
2019-06-28,10865.0,12020.0,10815.0,11763.7998046875,11763.7998046875,9323.0,BTC=F
2019-07-01,11505.0,11505.0,10150.0,10375.0,10375.0,9774.0,BTC=F
2019-07-02,10685.0,11120.0,9805.0,10990.0,10990.0,6869.0,BTC=F
2019-07-03,10890.0,11765.0,10855.0,11370.0,11370.0,6772.0,BTC=F
2019-07-05,11485.0,12230.0,10910.0,11285.0,11285.0,8761.0,BTC=F
2019-07-08,11630.0,12525.0,11500.0,12445.0,12445.0,3934.0,BTC=F
2019-07-09,12530.0,13115.0,12330.0,12760.0,12760.0,6427.0,BTC=F
2019-07-10,12825.0,13480.0,11760.0,12270.0,12270.0,10622.0,BTC=F
2019-07-11,12130.0,12385.0,11045.0,11730.0,11730.0,9616.0,BTC=F
2019-07-12,11405.0,12005.0,11195.0,11730.0,11730.0,3357.0,BTC=F
2019-07-15,10945.0,11040.0,9915.0,10910.0,10910.0,7597.0,BTC=F
2019-07-16,10840.0,11155.0,9460.0,9730.0,9730.0,8513.0,BTC=F
2019-07-17,9695.0,10025.0,9095.0,9795.0,9795.0,8039.0,BTC=F
2019-07-18,9825.0,10825.0,9345.0,10550.0,10550.0,8514.0,BTC=F
2019-07-19,10635.0,10845.0,10130.0,10460.0,10460.0,4699.0,BTC=F
2019-07-22,10630.0,10720.0,10070.0,10145.0,10145.0,5223.0,BTC=F
2019-07-23,10290.0,10370.0,9860.0,10150.0,10150.0,3685.0,BTC=F
2019-07-24,10155.0,10155.0,9485.0,9640.0,9640.0,5616.0,BTC=F
2019-07-25,9780.0,10215.0,9735.0,9865.0,9865.0,3895.0,BTC=F
2019-07-26,9875.0,9955.0,9645.0,9763.48046875,9763.48046875,2604.0,BTC=F
2019-07-29,9575.0,9850.0,9195.0,9530.0,9530.0,3073.0,BTC=F
2019-07-30,9565.0,9930.0,9470.0,9735.0,9735.0,2380.0,BTC=F
2019-07-31,9725.0,10295.0,9685.0,10115.0,10115.0,2198.0,BTC=F
2019-08-01,10160.0,10665.0,10015.0,10450.0,10450.0,1880.0,BTC=F
2019-08-02,10595.0,10870.0,10490.0,10600.0,10600.0,2699.0,BTC=F
2019-08-05,11070.0,12130.0,11070.0,11910.0,11910.0,4071.0,BTC=F
2019-08-06,11925.0,12505.0,11700.0,11830.0,11830.0,3814.0,BTC=F
2019-08-07,11600.0,12330.0,11325.0,11885.0,11885.0,5017.0,BTC=F
2019-08-08,12075.0,12205.0,11600.0,11690.0,11690.0,2431.0,BTC=F
2019-08-09,11855.0,12235.0,11795.0,11945.0,11945.0,3517.0,BTC=F
2019-08-12,11675.0,11695.0,11340.0,11560.0,11560.0,1834.0,BTC=F
2019-08-13,11505.0,11570.0,10800.0,10945.0,10945.0,4145.0,BTC=F
2019-08-14,10930.0,10955.0,10070.0,10160.0,10160.0,6021.0,BTC=F
2019-08-15,10240.0,10440.0,9500.0,10130.0,10130.0,7407.0,BTC=F
2019-08-16,10400.0,10590.0,9765.0,10515.0,10515.0,5247.0,BTC=F
2019-08-19,10445.0,10890.0,10305.0,10745.0,10745.0,2653.0,BTC=F
2019-08-20,10765.0,11015.0,10590.0,10775.0,10775.0,2558.0,BTC=F
2019-08-21,10815.0,10890.0,9850.0,10115.0,10115.0,5034.0,BTC=F
2019-08-22,10040.0,10255.0,9765.0,10185.0,10185.0,3956.0,BTC=F
2019-08-23,10205.0,10535.0,10050.0,10460.0,10460.0,3319.0,BTC=F
2019-08-26,10030.0,10730.0,9970.0,10330.0,10330.0,4193.0,BTC=F
2019-08-27,10305.0,10410.0,10030.0,10165.0,10165.0,3663.0,BTC=F
2019-08-28,10150.0,10320.0,9470.0,9645.0,9645.0,5694.0,BTC=F
2019-08-29,9695.0,9730.0,9305.0,9505.0,9505.0,4154.0,BTC=F
2019-08-30,9500.0,9630.0,9385.0,9583.9599609375,9583.9599609375,2856.0,BTC=F
2019-09-03,9795.0,10925.0,9795.0,10800.0,10800.0,7222.0,BTC=F
2019-09-04,10840.0,10965.0,10470.0,10835.0,10835.0,3701.0,BTC=F
2019-09-05,10790.0,10810.0,10530.0,10625.0,10625.0,3606.0,BTC=F
2019-09-06,10635.0,11130.0,10230.0,10460.0,10460.0,6764.0,BTC=F
2019-09-09,10490.0,10620.0,10115.0,10370.0,10370.0,3966.0,BTC=F
2019-09-10,10360.0,10455.0,9945.0,10060.0,10060.0,3400.0,BTC=F
2019-09-11,10145.0,10345.0,9900.0,10125.0,10125.0,3528.0,BTC=F
2019-09-12,10160.0,10470.0,10085.0,10410.0,10410.0,3099.0,BTC=F
2019-09-13,10480.0,10560.0,10205.0,10265.0,10265.0,2876.0,BTC=F
2019-09-16,10335.0,10430.0,10105.0,10135.0,10135.0,2313.0,BTC=F
2019-09-17,10305.0,10405.0,10185.0,10305.0,10305.0,1583.0,BTC=F
2019-09-18,10250.0,10310.0,10120.0,10205.0,10205.0,1581.0,BTC=F
2019-09-19,10315.0,10450.0,9605.0,10155.0,10155.0,4344.0,BTC=F
2019-09-20,10155.0,10355.0,10095.0,10180.0,10180.0,2400.0,BTC=F
2019-09-23,10125.0,10125.0,9690.0,9805.0,9805.0,4645.0,BTC=F
2019-09-24,9770.0,9780.0,7995.0,8380.0,8380.0,10527.0,BTC=F
2019-09-25,8670.0,8785.0,8205.0,8350.0,8350.0,5824.0,BTC=F
2019-09-26,8515.0,8670.0,7710.0,8145.0,8145.0,5369.0,BTC=F
2019-09-27,8085.0,8140.0,7940.0,8004.4599609375,8004.4599609375,3497.0,BTC=F
2019-09-30,8090.0,8415.0,7710.0,8335.0,8335.0,4976.0,BTC=F
2019-10-01,8360.0,8560.0,8235.0,8325.0,8325.0,3539.0,BTC=F
2019-10-02,8330.0,8400.0,8185.0,8270.0,8270.0,1861.0,BTC=F
2019-10-03,8285.0,8435.0,8075.0,8160.0,8160.0,2581.0,BTC=F
2019-10-04,8165.0,8310.0,8020.0,8225.0,8225.0,1994.0,BTC=F
2019-10-07,7900.0,8350.0,7745.0,8255.0,8255.0,5782.0,BTC=F
2019-10-08,8260.0,8365.0,8095.0,8170.0,8170.0,2275.0,BTC=F
2019-10-09,8185.0,8780.0,8125.0,8645.0,8645.0,4716.0,BTC=F
2019-10-10,8605.0,8670.0,8445.0,8595.0,8595.0,2716.0,BTC=F
2019-10-11,8595.0,8850.0,8285.0,8355.0,8355.0,4134.0,BTC=F
2019-10-14,8255.0,8435.0,8220.0,8355.0,8355.0,1774.0,BTC=F
2019-10-15,8340.0,8435.0,8085.0,8170.0,8170.0,2752.0,BTC=F
2019-10-16,8150.0,8195.0,7900.0,7950.0,7950.0,3685.0,BTC=F
2019-10-17,7975.0,8150.0,7935.0,8060.0,8060.0,2582.0,BTC=F
2019-10-18,8065.0,8130.0,7805.0,7960.0,7960.0,3414.0,BTC=F
2019-10-21,8255.0,8380.0,8160.0,8205.0,8205.0,3642.0,BTC=F
2019-10-22,8230.0,8330.0,8065.0,8165.0,8165.0,2446.0,BTC=F
2019-10-23,8080.0,8110.0,7245.0,7475.0,7475.0,5767.0,BTC=F
2019-10-24,7420.0,7515.0,7355.0,7490.0,7490.0,3210.0,BTC=F
2019-10-25,7450.0,7720.0,7400.0,7678.490234375,7678.490234375,8600.0,BTC=F
2019-10-28,9700.0,10050.0,9330.0,9530.0,9530.0,6474.0,BTC=F
2019-10-29,9585.0,9655.0,9155.0,9315.0,9315.0,3035.0,BTC=F
2019-10-30,9540.0,9565.0,9060.0,9270.0,9270.0,3553.0,BTC=F
2019-10-31,9225.0,9510.0,9000.0,9305.0,9305.0,2086.0,BTC=F
2019-11-01,9230.0,9360.0,9120.0,9235.0,9235.0,2641.0,BTC=F
2019-11-04,9270.0,9790.0,9170.0,9565.0,9565.0,3453.0,BTC=F
2019-11-05,9480.0,9580.0,8360.0,9420.0,9420.0,2875.0,BTC=F
2019-11-06,9405.0,9515.0,9325.0,9360.0,9360.0,1366.0,BTC=F
2019-11-07,9425.0,9460.0,9125.0,9220.0,9220.0,3323.0,BTC=F
2019-11-08,9260.0,9305.0,8680.0,8845.0,8845.0,5487.0,BTC=F
2019-11-11,9100.0,9135.0,8585.0,8750.0,8750.0,3623.0,BTC=F
2019-11-12,8735.0,8915.0,8555.0,8835.0,8835.0,3545.0,BTC=F
2019-11-13,8815.0,8880.0,8730.0,8785.0,8785.0,2121.0,BTC=F
2019-11-14,8805.0,8830.0,8590.0,8675.0,8675.0,2337.0,BTC=F
2019-11-15,8680.0,8820.0,8355.0,8505.0,8505.0,4095.0,BTC=F
2019-11-18,8550.0,8565.0,8005.0,8205.0,8205.0,4004.0,BTC=F
2019-11-19,8200.0,8215.0,8005.0,8110.0,8110.0,3007.0,BTC=F
2019-11-20,8145.0,8275.0,8045.0,8110.0,8110.0,3885.0,BTC=F
2019-11-21,8110.0,8140.0,7360.0,7580.0,7580.0,5630.0,BTC=F
2019-11-22,7620.0,7735.0,6775.0,7330.0,7330.0,9941.0,BTC=F
2019-11-25,7050.0,7375.0,6510.0,7165.0,7165.0,10022.0,BTC=F
2019-11-26,7205.0,7345.0,7015.0,7115.0,7115.0,5897.0,BTC=F
2019-11-27,7150.0,7700.0,6835.0,7570.0,7570.0,8583.0,BTC=F
2019-11-29,7530.0,7800.0,7365.0,7775.68994140625,7775.68994140625,4898.0,BTC=F
2019-12-02,7465.0,7555.0,7195.0,7335.0,7335.0,4334.0,BTC=F
2019-12-03,7370.0,7445.0,7260.0,7340.0,7340.0,1711.0,BTC=F
2019-12-04,7335.0,7965.0,7085.0,7220.0,7220.0,8673.0,BTC=F
2019-12-05,7255.0,7525.0,7180.0,7420.0,7420.0,4442.0,BTC=F
2019-12-06,7435.0,7655.0,7335.0,7460.0,7460.0,3514.0,BTC=F
2019-12-09,7570.0,7705.0,7290.0,7320.0,7320.0,3527.0,BTC=F
2019-12-10,7345.0,7410.0,7165.0,7215.0,7215.0,3362.0,BTC=F
2019-12-11,7250.0,7290.0,7130.0,7175.0,7175.0,2979.0,BTC=F
2019-12-12,7210.0,7370.0,7070.0,7265.0,7265.0,4522.0,BTC=F
2019-12-13,7215.0,7335.0,7200.0,7265.0,7265.0,3653.0,BTC=F
2019-12-16,7120.0,7145.0,6790.0,6860.0,6860.0,7720.0,BTC=F
2019-12-17,6880.0,6940.0,6560.0,6580.0,6580.0,5979.0,BTC=F
2019-12-18,6575.0,7235.0,6420.0,7135.0,7135.0,11821.0,BTC=F
2019-12-19,7280.0,7440.0,7055.0,7165.0,7165.0,4596.0,BTC=F
2019-12-20,7160.0,7235.0,7085.0,7230.0,7230.0,2478.0,BTC=F
2019-12-23,7420.0,7715.0,7290.0,7410.0,7410.0,7852.0,BTC=F
2019-12-24,7330.0,7430.0,7215.0,7235.0,7235.0,3521.0,BTC=F
2019-12-26,7220.0,7445.0,7170.0,7250.0,7250.0,4302.0,BTC=F
2019-12-27,7195.0,7245.0,7055.0,7203.81982421875,7203.81982421875,4441.0,BTC=F
2019-12-30,7445.0,7480.0,7245.0,7285.0,7285.0,3115.0,BTC=F
2019-12-31,7295.0,7350.0,7160.0,7210.0,7210.0,2953.0,BTC=F
2020-01-02,7225.0,7225.0,6900.0,6940.0,6940.0,4754.0,BTC=F
2020-01-03,6960.0,7500.0,6860.0,7385.0,7385.0,8657.0,BTC=F
2020-01-06,7435.0,7685.0,7385.0,7615.0,7615.0,6104.0,BTC=F
2020-01-07,7725.0,8300.0,7725.0,8280.0,8280.0,11526.0,BTC=F
2020-01-08,8165.0,8595.0,7915.0,8110.0,8110.0,16332.0,BTC=F
2020-01-09,8120.0,8170.0,7800.0,7885.0,7885.0,10399.0,BTC=F
2020-01-10,7855.0,8220.0,7700.0,8135.0,8135.0,13111.0,BTC=F
2020-01-13,8235.0,8300.0,8100.0,8200.0,8200.0,3206.0,BTC=F
2020-01-14,8165.0,8955.0,8150.0,8750.0,8750.0,13502.0,BTC=F
2020-01-15,8810.0,8995.0,8635.0,8880.0,8880.0,7019.0,BTC=F
2020-01-16,8925.0,8955.0,8615.0,8790.0,8790.0,5818.0,BTC=F
2020-01-17,8765.0,9085.0,8720.0,8925.0,8925.0,6895.0,BTC=F
2020-01-21,8720.0,8825.0,8515.0,8750.0,8750.0,7456.0,BTC=F
2020-01-22,8775.0,8865.0,8600.0,8680.0,8680.0,4717.0,BTC=F
2020-01-23,8665.0,8705.0,8290.0,8370.0,8370.0,13847.0,BTC=F
2020-01-24,8410.0,8540.0,8235.0,8495.0,8495.0,9837.0,BTC=F
2020-01-27,8595.0,9020.0,8575.0,8995.0,8995.0,13131.0,BTC=F
2020-01-28,8935.0,9215.0,8895.0,9060.0,9060.0,15878.0,BTC=F
2020-01-29,9040.0,9480.0,9040.0,9390.0,9390.0,12121.0,BTC=F
2020-01-30,9335.0,9570.0,9160.0,9555.0,9555.0,15041.0,BTC=F
2020-01-31,9555.0,9555.0,9180.0,9277.6298828125,9277.6298828125,9428.0,BTC=F
2020-02-03,9495.0,9790.0,9270.0,9410.0,9410.0,8918.0,BTC=F
2020-02-04,9355.0,9440.0,9130.0,9255.0,9255.0,8189.0,BTC=F
2020-02-05,9245.0,9945.0,9225.0,9830.0,9830.0,14307.0,BTC=F
2020-02-06,9800.0,10010.0,9685.0,9895.0,9895.0,12014.0,BTC=F
2020-02-07,9805.0,10030.0,9740.0,9845.0,9845.0,8523.0,BTC=F
2020-02-10,10200.0,10360.0,9510.0,9935.0,9935.0,6779.0,BTC=F
2020-02-11,9930.0,10570.0,9790.0,10405.0,10405.0,15832.0,BTC=F
2020-02-12,10325.0,10620.0,10315.0,10525.0,10525.0,13010.0,BTC=F
2020-02-13,10505.0,10670.0,10160.0,10305.0,10305.0,16242.0,BTC=F
2020-02-14,10305.0,10635.0,10210.0,10495.0,10495.0,8771.0,BTC=F
2020-02-18,9980.0,10365.0,9505.0,10250.0,10250.0,20878.0,BTC=F
2020-02-19,10280.0,10545.0,9245.0,10225.0,10225.0,9019.0,BTC=F
2020-02-20,9735.0,9735.0,9405.0,9615.0,9615.0,3918.0,BTC=F
2020-02-21,9650.0,9830.0,9600.0,9740.0,9740.0,2125.0,BTC=F
2020-02-24,9935.0,10075.0,9480.0,9600.0,9600.0,7379.0,BTC=F
2020-02-25,9640.0,9695.0,9240.0,9320.0,9320.0,4061.0,BTC=F
2020-02-26,9385.0,9395.0,8595.0,8780.0,8780.0,7637.0,BTC=F
2020-02-27,8780.0,8980.0,8520.0,8890.0,8890.0,3897.0,BTC=F
2020-02-28,8825.0,8905.0,8430.0,8662.990234375,8662.990234375,3889.0,BTC=F
2020-03-02,8645.0,9030.0,8540.0,8975.0,8975.0,2157.0,BTC=F
2020-03-03,8990.0,8995.0,8740.0,8770.0,8770.0,2956.0,BTC=F
2020-03-04,8830.0,8910.0,8700.0,8760.0,8760.0,1842.0,BTC=F
2020-03-05,8805.0,9250.0,8795.0,9195.0,9195.0,3734.0,BTC=F
2020-03-06,9140.0,9250.0,9060.0,9165.0,9165.0,1827.0,BTC=F
2020-03-09,8265.0,8280.0,7640.0,7850.0,7850.0,9510.0,BTC=F
2020-03-10,7835.0,8175.0,7755.0,7995.0,7995.0,5067.0,BTC=F
2020-03-11,7990.0,8025.0,7610.0,7855.0,7855.0,3910.0,BTC=F
2020-03-12,7840.0,8000.0,5595.0,6010.0,6010.0,16034.0,BTC=F
2020-03-13,5775.0,5935.0,4210.0,5330.0,5330.0,15531.0,BTC=F
2020-03-16,5850.0,5850.0,4390.0,4930.0,4930.0,14879.0,BTC=F
2020-03-17,4975.0,5525.0,4835.0,5380.0,5380.0,6875.0,BTC=F
2020-03-18,5440.0,5475.0,4990.0,5340.0,5340.0,8746.0,BTC=F
2020-03-19,5380.0,6410.0,5275.0,6240.0,6240.0,8961.0,BTC=F
2020-03-20,6275.0,6950.0,5665.0,6210.0,6210.0,6787.0,BTC=F
2020-03-23,6060.0,6650.0,5685.0,6300.0,6300.0,8329.0,BTC=F
2020-03-24,6450.0,6885.0,6395.0,6725.0,6725.0,7837.0,BTC=F
2020-03-25,6740.0,6995.0,6465.0,6630.0,6630.0,5175.0,BTC=F
2020-03-26,6600.0,6805.0,6520.0,6675.0,6675.0,3497.0,BTC=F
2020-03-27,6755.0,6855.0,6570.0,6648.35986328125,6648.35986328125,2372.0,BTC=F
2020-03-30,6045.0,6535.0,5835.0,6380.0,6380.0,4341.0,BTC=F
2020-03-31,6505.0,6660.0,6340.0,6475.0,6475.0,2305.0,BTC=F
2020-04-01,6455.0,6465.0,6155.0,6210.0,6210.0,2656.0,BTC=F
2020-04-02,6400.0,7345.0,6380.0,6865.0,6865.0,9591.0,BTC=F
2020-04-03,6890.0,7100.0,6625.0,6800.0,6800.0,3943.0,BTC=F
2020-04-06,6820.0,7375.0,6785.0,7330.0,7330.0,10939.0,BTC=F
2020-04-07,7350.0,7515.0,7105.0,7330.0,7330.0,7749.0,BTC=F
2020-04-08,7195.0,7475.0,7160.0,7335.0,7335.0,3066.0,BTC=F
2020-04-09,7335.0,7415.0,7090.0,7290.0,7290.0,2793.0,BTC=F
2020-04-13,7160.0,7160.0,6555.0,6810.0,6810.0,5395.0,BTC=F
2020-04-14,6855.0,7010.0,6785.0,6950.0,6950.0,2232.0,BTC=F
2020-04-15,6895.0,6950.0,6685.0,6740.0,6740.0,2144.0,BTC=F
2020-04-16,6735.0,7205.0,6465.0,7105.0,7105.0,6364.0,BTC=F
2020-04-17,7105.0,7235.0,7010.0,7080.0,7080.0,1863.0,BTC=F
2020-04-20,7200.0,7255.0,6765.0,6795.0,6795.0,4302.0,BTC=F
2020-04-21,6875.0,6960.0,6780.0,6890.0,6890.0,2879.0,BTC=F
2020-04-22,6920.0,7195.0,6830.0,7115.0,7115.0,3504.0,BTC=F
2020-04-23,7115.0,7805.0,7045.0,7540.0,7540.0,8039.0,BTC=F
2020-04-24,7610.0,7620.0,7400.0,7460.85986328125,7460.85986328125,2367.0,BTC=F
2020-04-27,7665.0,7905.0,7645.0,7780.0,7780.0,2872.0,BTC=F
2020-04-28,7845.0,7875.0,7735.0,7780.0,7780.0,1762.0,BTC=F
2020-04-29,7800.0,9065.0,7780.0,8825.0,8825.0,9729.0,BTC=F
2020-04-30,8940.0,9560.0,8480.0,8930.0,8930.0,10524.0,BTC=F
2020-05-01,8850.0,9145.0,8655.0,8840.0,8840.0,5127.0,BTC=F
2020-05-04,8965.0,9060.0,8600.0,8935.0,8935.0,3992.0,BTC=F
2020-05-05,9055.0,9225.0,8835.0,8985.0,8985.0,4675.0,BTC=F
2020-05-06,9035.0,9515.0,8980.0,9340.0,9340.0,6330.0,BTC=F
2020-05-07,9370.0,10115.0,9105.0,10010.0,10010.0,12108.0,BTC=F
2020-05-08,10010.0,10220.0,9820.0,10030.0,10030.0,6747.0,BTC=F
2020-05-11,8820.0,9275.0,8220.0,8795.0,8795.0,19225.0,BTC=F
2020-05-12,8680.0,9050.0,8560.0,8870.0,8870.0,6912.0,BTC=F
2020-05-13,8845.0,9430.0,8830.0,9270.0,9270.0,5001.0,BTC=F
2020-05-14,9400.0,10070.0,9355.0,9725.0,9725.0,8874.0,BTC=F
2020-05-15,9855.0,9930.0,9170.0,9395.0,9395.0,7857.0,BTC=F
2020-05-18,9795.0,10035.0,9515.0,9745.0,9745.0,7691.0,BTC=F
2020-05-19,9745.0,9955.0,9505.0,9680.0,9680.0,6700.0,BTC=F
2020-05-20,9755.0,9895.0,9330.0,9570.0,9570.0,6276.0,BTC=F
2020-05-21,9585.0,9610.0,8815.0,9075.0,9075.0,8797.0,BTC=F
2020-05-22,9185.0,9285.0,8945.0,9175.0,9175.0,4564.0,BTC=F
2020-05-26,9050.0,9065.0,8630.0,8785.0,8785.0,8287.0,BTC=F
2020-05-27,8850.0,9265.0,8810.0,9170.0,9170.0,5653.0,BTC=F
2020-05-28,9095.0,9555.0,9055.0,9450.0,9450.0,6137.0,BTC=F
2020-05-29,9460.0,9610.0,9350.0,9443.4296875,9443.4296875,3864.0,BTC=F
2020-06-01,9530.0,9775.0,9465.0,9650.0,9650.0,3656.0,BTC=F
2020-06-02,9745.0,10565.0,9335.0,9580.0,9580.0,14048.0,BTC=F
2020-06-03,9580.0,9730.0,9465.0,9655.0,9655.0,3179.0,BTC=F
2020-06-04,9665.0,9985.0,9535.0,9895.0,9895.0,4328.0,BTC=F
2020-06-05,9865.0,9950.0,9675.0,9800.0,9800.0,4508.0,BTC=F
2020-06-08,9810.0,9900.0,9720.0,9780.0,9780.0,3757.0,BTC=F
2020-06-09,9630.0,9985.0,9620.0,9805.0,9805.0,4291.0,BTC=F
2020-06-10,9905.0,10130.0,9720.0,9935.0,9935.0,7010.0,BTC=F
2020-06-11,9945.0,10060.0,9090.0,9300.0,9300.0,10869.0,BTC=F
2020-06-12,9380.0,9610.0,9265.0,9465.0,9465.0,3848.0,BTC=F
2020-06-15,9370.0,9525.0,8930.0,9440.0,9440.0,5850.0,BTC=F
2020-06-16,9475.0,9630.0,9415.0,9530.0,9530.0,3436.0,BTC=F
2020-06-17,9540.0,9600.0,9255.0,9325.0,9325.0,3206.0,BTC=F
2020-06-18,9425.0,9515.0,9320.0,9410.0,9410.0,2135.0,BTC=F
2020-06-19,9385.0,9465.0,9245.0,9315.0,9315.0,3481.0,BTC=F
2020-06-22,9350.0,9700.0,9280.0,9585.0,9585.0,5062.0,BTC=F
2020-06-23,9725.0,9755.0,9600.0,9660.0,9660.0,3811.0,BTC=F
2020-06-24,9665.0,9685.0,9180.0,9285.0,9285.0,8255.0,BTC=F
2020-06-25,9245.0,9315.0,8985.0,9280.0,9280.0,5012.0,BTC=F
2020-06-26,9285.0,9300.0,9055.0,9084.2001953125,9084.2001953125,4195.0,BTC=F
2020-06-29,9175.0,9240.0,9050.0,9200.0,9200.0,2742.0,BTC=F
2020-06-30,9255.0,9295.0,9100.0,9185.0,9185.0,2856.0,BTC=F
2020-07-01,9200.0,9390.0,9140.0,9325.0,9325.0,4789.0,BTC=F
2020-07-02,9280.0,9335.0,8950.0,9060.0,9060.0,6562.0,BTC=F
2020-07-06,9100.0,9435.0,9060.0,9355.0,9355.0,6890.0,BTC=F
2020-07-07,9350.0,9455.0,9250.0,9290.0,9290.0,2975.0,BTC=F
2020-07-08,9310.0,9570.0,9285.0,9510.0,9510.0,5163.0,BTC=F
2020-07-09,9505.0,9545.0,9190.0,9255.0,9255.0,5931.0,BTC=F
2020-07-10,9275.0,9285.0,9145.0,9275.0,9275.0,2296.0,BTC=F
2020-07-13,9290.0,9410.0,9240.0,9270.0,9270.0,2844.0,BTC=F
2020-07-14,9275.0,9320.0,9135.0,9310.0,9310.0,2869.0,BTC=F
2020-07-15,9295.0,9320.0,9165.0,9190.0,9190.0,2330.0,BTC=F
2020-07-16,9240.0,9265.0,9040.0,9145.0,9145.0,3344.0,BTC=F
2020-07-17,9130.0,9220.0,9095.0,9195.0,9195.0,1674.0,BTC=F
2020-07-20,9200.0,9280.0,9155.0,9190.0,9190.0,2432.0,BTC=F
2020-07-21,9205.0,9480.0,9175.0,9395.0,9395.0,5408.0,BTC=F
2020-07-22,9415.0,9435.0,9295.0,9425.0,9425.0,3117.0,BTC=F
2020-07-23,9425.0,9735.0,9425.0,9650.0,9650.0,6653.0,BTC=F
2020-07-24,9665.0,9665.0,9505.0,9615.0,9615.0,3110.0,BTC=F
2020-07-27,9925.0,11055.0,9925.0,10895.0,10895.0,16157.0,BTC=F
2020-07-28,11080.0,11540.0,10635.0,11035.0,11035.0,15293.0,BTC=F
2020-07-29,11060.0,11350.0,10890.0,11240.0,11240.0,9081.0,BTC=F
2020-07-30,11350.0,11405.0,10835.0,11145.0,11145.0,7340.0,BTC=F
2020-07-31,11155.0,11245.0,10985.0,11207.5,11207.5,9692.0,BTC=F
2020-08-03,11350.0,11720.0,11180.0,11620.0,11620.0,5333.0,BTC=F
2020-08-04,11560.0,11600.0,11125.0,11370.0,11370.0,6915.0,BTC=F
2020-08-05,11385.0,11975.0,11190.0,11850.0,11850.0,11366.0,BTC=F
2020-08-06,11930.0,12085.0,11705.0,12040.0,12040.0,4902.0,BTC=F
2020-08-07,11990.0,12085.0,11395.0,11575.0,11575.0,10007.0,BTC=F
2020-08-10,11800.0,12220.0,11645.0,12015.0,12015.0,9860.0,BTC=F
2020-08-11,12005.0,12090.0,11190.0,11435.0,11435.0,10291.0,BTC=F
2020-08-12,11340.0,11745.0,11220.0,11665.0,11665.0,6069.0,BTC=F
2020-08-13,11600.0,11760.0,11340.0,11590.0,11590.0,5062.0,BTC=F
2020-08-14,11765.0,12000.0,11740.0,11935.0,11935.0,9980.0,BTC=F
2020-08-17,11950.0,12635.0,11905.0,12485.0,12485.0,8883.0,BTC=F
2020-08-18,12470.0,12555.0,11850.0,12035.0,12035.0,10621.0,BTC=F
2020-08-19,12100.0,12150.0,11580.0,11690.0,11690.0,10164.0,BTC=F
2020-08-20,11740.0,11950.0,11710.0,11895.0,11895.0,4860.0,BTC=F
2020-08-21,12125.0,12125.0,11600.0,11695.0,11695.0,9663.0,BTC=F
2020-08-24,11695.0,11865.0,11595.0,11770.0,11770.0,7416.0,BTC=F
2020-08-25,11765.0,11810.0,11115.0,11310.0,11310.0,12762.0,BTC=F
2020-08-26,11300.0,11570.0,11260.0,11480.0,11480.0,6639.0,BTC=F
2020-08-27,11495.0,11610.0,11125.0,11270.0,11270.0,9007.0,BTC=F
2020-08-28,11335.0,11525.0,11280.0,11449.099609375,11449.099609375,7783.0,BTC=F
2020-08-31,11735.0,11915.0,11705.0,11835.0,11835.0,4865.0,BTC=F
2020-09-01,11755.0,12200.0,11625.0,12075.0,12075.0,8919.0,BTC=F
2020-09-02,12135.0,12175.0,11165.0,11460.0,11460.0,17210.0,BTC=F
2020-09-03,11440.0,11530.0,10460.0,10720.0,10720.0,15412.0,BTC=F
2020-09-04,10780.0,10785.0,9905.0,10620.0,10620.0,15668.0,BTC=F
2020-09-08,10425.0,10475.0,9890.0,10015.0,10015.0,14549.0,BTC=F
2020-09-09,10060.0,10385.0,9850.0,10320.0,10320.0,5218.0,BTC=F
2020-09-10,10285.0,10565.0,10215.0,10315.0,10315.0,7860.0,BTC=F
2020-09-11,10370.0,10420.0,10215.0,10340.0,10340.0,4819.0,BTC=F
2020-09-14,10315.0,10805.0,10270.0,10705.0,10705.0,6525.0,BTC=F
2020-09-15,10750.0,10975.0,10645.0,10815.0,10815.0,4052.0,BTC=F
2020-09-16,10890.0,11150.0,10690.0,11015.0,11015.0,7056.0,BTC=F
2020-09-17,11045.0,11075.0,10755.0,10950.0,10950.0,7179.0,BTC=F
2020-09-18,10975.0,11075.0,10815.0,10880.0,10880.0,4499.0,BTC=F
2020-09-21,10885.0,11005.0,10265.0,10485.0,10485.0,12875.0,BTC=F
2020-09-22,10485.0,10525.0,10350.0,10495.0,10495.0,4081.0,BTC=F
2020-09-23,10545.0,10550.0,10140.0,10280.0,10280.0,7721.0,BTC=F
2020-09-24,10240.0,10750.0,10190.0,10670.0,10670.0,8985.0,BTC=F
2020-09-25,10630.0,10805.0,10560.0,10606.7998046875,10606.7998046875,6120.0,BTC=F
2020-09-28,10800.0,11080.0,10795.0,10960.0,10960.0,4100.0,BTC=F
2020-09-29,10970.0,10990.0,10680.0,10815.0,10815.0,4764.0,BTC=F
2020-09-30,10850.0,10940.0,10725.0,10770.0,10770.0,5671.0,BTC=F
2020-10-01,10835.0,11060.0,10430.0,10645.0,10645.0,11708.0,BTC=F
2020-10-02,10615.0,10705.0,10410.0,10550.0,10550.0,5867.0,BTC=F
2020-10-05,10700.0,10865.0,10670.0,10815.0,10815.0,4462.0,BTC=F
2020-10-06,10815.0,10890.0,10565.0,10630.0,10630.0,4093.0,BTC=F
2020-10-07,10600.0,10760.0,10595.0,10720.0,10720.0,2260.0,BTC=F
2020-10-08,10735.0,11065.0,10580.0,10955.0,10955.0,5066.0,BTC=F
2020-10-09,10950.0,11205.0,10910.0,11110.0,11110.0,3469.0,BTC=F
2020-10-12,11360.0,11700.0,11280.0,11630.0,11630.0,6338.0,BTC=F
2020-10-13,11760.0,11805.0,11355.0,11440.0,11440.0,4170.0,BTC=F
2020-10-14,11500.0,11630.0,11340.0,11410.0,11410.0,3466.0,BTC=F
2020-10-15,11440.0,11695.0,11315.0,11595.0,11595.0,3418.0,BTC=F
2020-10-16,11610.0,11610.0,11225.0,11360.0,11360.0,5373.0,BTC=F
2020-10-19,11505.0,11910.0,11470.0,11755.0,11755.0,6876.0,BTC=F
2020-10-20,11795.0,12110.0,11740.0,11970.0,11970.0,4060.0,BTC=F
2020-10-21,11995.0,13005.0,11960.0,12755.0,12755.0,10223.0,BTC=F
2020-10-22,12965.0,13285.0,12725.0,13155.0,13155.0,7369.0,BTC=F
2020-10-23,13220.0,13260.0,12775.0,12970.0,12970.0,3793.0,BTC=F
2020-10-26,13100.0,13300.0,12805.0,13045.0,13045.0,6031.0,BTC=F
2020-10-27,13050.0,13780.0,13025.0,13685.0,13685.0,9034.0,BTC=F
2020-10-28,13680.0,13870.0,12885.0,13175.0,13175.0,10745.0,BTC=F
2020-10-29,13200.0,13665.0,12995.0,13505.0,13505.0,6884.0,BTC=F
2020-10-30,13530.0,13660.0,13150.0,13478.599609375,13478.599609375,5823.0,BTC=F
2020-11-02,13955.0,14065.0,13370.0,13790.0,13790.0,5042.0,BTC=F
2020-11-03,13730.0,13950.0,13390.0,13845.0,13845.0,3731.0,BTC=F
2020-11-04,13925.0,14420.0,13635.0,14200.0,14200.0,9531.0,BTC=F
2020-11-05,14165.0,15505.0,14165.0,15260.0,15260.0,7463.0,BTC=F
2020-11-06,15685.0,16155.0,15350.0,15630.0,15630.0,8143.0,BTC=F
2020-11-09,15665.0,16005.0,14880.0,15450.0,15450.0,12353.0,BTC=F
2020-11-10,15435.0,15595.0,15130.0,15355.0,15355.0,5971.0,BTC=F
2020-11-11,15450.0,16090.0,15350.0,15805.0,15805.0,6198.0,BTC=F
2020-11-12,16000.0,16300.0,15520.0,16240.0,16240.0,6412.0,BTC=F
2020-11-13,16350.0,16585.0,16025.0,16270.0,16270.0,4062.0,BTC=F
2020-11-16,16035.0,16935.0,15915.0,16895.0,16895.0,5400.0,BTC=F
2020-11-17,16795.0,17930.0,16620.0,17730.0,17730.0,9408.0,BTC=F
2020-11-18,17675.0,18540.0,17235.0,17685.0,17685.0,12925.0,BTC=F
2020-11-19,17905.0,18260.0,17375.0,18095.0,18095.0,6743.0,BTC=F
2020-11-20,17910.0,18880.0,17740.0,18685.0,18685.0,9867.0,BTC=F
2020-11-23,18625.0,18850.0,18040.0,18410.0,18410.0,12524.0,BTC=F
2020-11-24,18455.0,19515.0,18075.0,19110.0,19110.0,14152.0,BTC=F
2020-11-25,19135.0,19605.0,18640.0,18915.0,18915.0,12217.0,BTC=F
2020-11-27,18865.0,18935.0,16230.0,16627.5,16627.5,16490.0,BTC=F
2020-11-30,18275.0,20260.0,18275.0,19730.0,19730.0,12034.0,BTC=F
2020-12-01,19800.0,20360.0,18300.0,19275.0,19275.0,13563.0,BTC=F
2020-12-02,19155.0,19585.0,18560.0,19295.0,19295.0,7994.0,BTC=F
2020-12-03,19340.0,19880.0,19070.0,19565.0,19565.0,7203.0,BTC=F
2020-12-04,19680.0,19750.0,18830.0,19100.0,19100.0,7567.0,BTC=F
2020-12-07,19205.0,19615.0,19020.0,19170.0,19170.0,5213.0,BTC=F
2020-12-08,19215.0,19475.0,18695.0,18825.0,18825.0,7325.0,BTC=F
2020-12-09,18685.0,18685.0,17705.0,18420.0,18420.0,6752.0,BTC=F
2020-12-10,18630.0,18750.0,17940.0,18440.0,18440.0,6953.0,BTC=F
2020-12-11,18415.0,18460.0,17575.0,18020.0,18020.0,6058.0,BTC=F
2020-12-14,19155.0,19430.0,19080.0,19270.0,19270.0,6124.0,BTC=F
2020-12-15,19340.0,19675.0,19120.0,19560.0,19560.0,5817.0,BTC=F
2020-12-16,19505.0,21430.0,19340.0,20930.0,20930.0,12919.0,BTC=F
2020-12-17,21460.0,23915.0,21320.0,22870.0,22870.0,16832.0,BTC=F
2020-12-18,23050.0,23415.0,22435.0,22860.0,22860.0,7105.0,BTC=F
2020-12-21,23605.0,24210.0,21950.0,22880.0,22880.0,12956.0,BTC=F
2020-12-22,23260.0,23645.0,22430.0,23445.0,23445.0,11075.0,BTC=F
2020-12-23,23495.0,24175.0,22800.0,23510.0,23510.0,6882.0,BTC=F
2020-12-24,23250.0,23475.0,22715.0,23196.69921875,23196.69921875,979.0,BTC=F
2020-12-28,26650.0,27900.0,26535.0,27110.0,27110.0,17470.0,BTC=F
2020-12-29,26955.0,27450.0,26080.0,27210.0,27210.0,7633.0,BTC=F
2020-12-30,27315.0,29370.0,27235.0,29155.0,29155.0,13789.0,BTC=F
2020-12-31,29075.0,29700.0,28230.0,29385.0,29385.0,5529.0,BTC=F
2021-01-04,33405.0,34170.0,28440.0,31550.0,31550.0,14997.0,BTC=F
2021-01-05,31655.0,34680.0,30250.0,34515.0,34515.0,8153.0,BTC=F
2021-01-06,34655.0,37035.0,33780.0,36565.0,36565.0,19469.0,BTC=F
2021-01-07,36445.0,41000.0,36445.0,39625.0,39625.0,16834.0,BTC=F
2021-01-08,40275.0,42730.0,37000.0,39520.0,39520.0,15379.0,BTC=F
2021-01-11,38925.0,39165.0,31105.0,33780.0,33780.0,22205.0,BTC=F
2021-01-12,34840.0,37050.0,32780.0,34500.0,34500.0,14576.0,BTC=F
2021-01-13,34055.0,37580.0,32610.0,36375.0,36375.0,9785.0,BTC=F
2021-01-14,37500.0,40365.0,36915.0,39605.0,39605.0,10507.0,BTC=F
2021-01-15,39205.0,39980.0,34555.0,35625.0,35625.0,14051.0,BTC=F
2021-01-19,36250.0,38155.0,34890.0,36595.0,36595.0,14757.0,BTC=F
2021-01-20,36700.0,36845.0,33435.0,35035.0,35035.0,9615.0,BTC=F
2021-01-21,35200.0,35740.0,30930.0,31920.0,31920.0,13373.0,BTC=F
2021-01-22,30825.0,33860.0,28900.0,33580.0,33580.0,12897.0,BTC=F
2021-01-25,32300.0,34930.0,32035.0,33440.0,33440.0,8771.0,BTC=F
2021-01-26,32665.0,32845.0,30800.0,31950.0,31950.0,8494.0,BTC=F
2021-01-27,32655.0,32925.0,29075.0,31475.0,31475.0,13653.0,BTC=F
2021-01-28,30640.0,33355.0,29860.0,32650.0,32650.0,7271.0,BTC=F
2021-01-29,33515.0,38755.0,32000.0,37242.30078125,37242.30078125,18198.0,BTC=F
2021-02-01,33315.0,35005.0,32530.0,34000.0,34000.0,6290.0,BTC=F
2021-02-02,33680.0,36370.0,33605.0,36170.0,36170.0,5830.0,BTC=F
2021-02-03,36015.0,37790.0,35740.0,37390.0,37390.0,4813.0,BTC=F
2021-02-04,37660.0,39200.0,36435.0,37915.0,37915.0,6039.0,BTC=F
2021-02-05,37700.0,38755.0,36895.0,38015.0,38015.0,4767.0,BTC=F
2021-02-08,39025.0,45500.0,38305.0,44755.0,44755.0,14369.0,BTC=F
2021-02-09,45210.0,48885.0,45175.0,47765.0,47765.0,11114.0,BTC=F
2021-02-10,47500.0,48060.0,43950.0,44915.0,44915.0,9743.0,BTC=F
2021-02-11,45615.0,49215.0,44345.0,47525.0,47525.0,9072.0,BTC=F
2021-02-12,48000.0,49500.0,46500.0,48040.0,48040.0,7532.0,BTC=F
2021-02-16,49415.0,51065.0,45950.0,48925.0,48925.0,15414.0,BTC=F
2021-02-17,49300.0,53210.0,49115.0,52785.0,52785.0,9780.0,BTC=F
2021-02-18,52680.0,53080.0,51250.0,52340.0,52340.0,8340.0,BTC=F
2021-02-19,52035.0,56575.0,50695.0,55530.0,55530.0,11457.0,BTC=F
2021-02-22,57450.0,57790.0,48320.0,53720.0,53720.0,18519.0,BTC=F
2021-02-23,54515.0,54515.0,44900.0,47660.0,47660.0,18212.0,BTC=F
2021-02-24,48450.0,51310.0,47010.0,49135.0,49135.0,8076.0,BTC=F
2021-02-25,48810.0,52040.0,48010.0,49120.0,49120.0,7065.0,BTC=F
2021-02-26,48165.0,48300.0,44270.0,47001.6015625,47001.6015625,10550.0,BTC=F
2021-03-01,45500.0,49985.0,45150.0,48870.0,48870.0,7199.0,BTC=F
2021-03-02,49425.0,50550.0,47245.0,47820.0,47820.0,5993.0,BTC=F
2021-03-03,48035.0,53000.0,47955.0,50900.0,50900.0,6344.0,BTC=F
2021-03-04,50970.0,52190.0,47425.0,48310.0,48310.0,11795.0,BTC=F
2021-03-05,48125.0,49745.0,46295.0,49555.0,49555.0,8929.0,BTC=F
2021-03-08,50580.0,52425.0,49500.0,52145.0,52145.0,7528.0,BTC=F
2021-03-09,51995.0,55265.0,51895.0,54720.0,54720.0,5572.0,BTC=F
2021-03-10,54530.0,57815.0,53430.0,56620.0,56620.0,7098.0,BTC=F
2021-03-11,56980.0,58390.0,54685.0,57955.0,57955.0,7793.0,BTC=F
2021-03-12,58365.0,58725.0,55380.0,57075.0,57075.0,7966.0,BTC=F
2021-03-15,58755.0,61255.0,54915.0,56900.0,56900.0,10372.0,BTC=F
2021-03-16,57005.0,57175.0,53475.0,55910.0,55910.0,7097.0,BTC=F
2021-03-17,56695.0,58490.0,54285.0,57980.0,57980.0,7704.0,BTC=F
2021-03-18,58500.0,60280.0,57090.0,57365.0,57365.0,9656.0,BTC=F
2021-03-19,57950.0,59575.0,56315.0,58975.0,58975.0,6553.0,BTC=F
2021-03-22,58195.0,58460.0,54105.0,55605.0,55605.0,7201.0,BTC=F
2021-03-23,54665.0,55895.0,52915.0,54985.0,54985.0,8663.0,BTC=F
2021-03-24,54580.0,57225.0,53135.0,54645.0,54645.0,8667.0,BTC=F
2021-03-25,53665.0,53665.0,50360.0,52195.0,52195.0,11144.0,BTC=F
2021-03-26,52425.0,53765.0,51305.0,53346.30078125,53346.30078125,5439.0,BTC=F
2021-03-29,55360.0,59000.0,55110.0,58210.0,58210.0,7078.0,BTC=F
2021-03-30,57940.0,60065.0,57585.0,59705.0,59705.0,4634.0,BTC=F
2021-03-31,59360.0,60540.0,57380.0,59285.0,59285.0,6924.0,BTC=F
2021-04-01,59580.0,60345.0,58595.0,59615.0,59615.0,4326.0,BTC=F
2021-04-05,58550.0,60100.0,57155.0,59840.0,59840.0,5908.0,BTC=F
2021-04-06,59415.0,60350.0,57750.0,58735.0,58735.0,5272.0,BTC=F
2021-04-07,58300.0,59080.0,55675.0,56310.0,56310.0,11417.0,BTC=F
2021-04-08,56310.0,58655.0,55910.0,58155.0,58155.0,4605.0,BTC=F
2021-04-09,58010.0,59405.0,58000.0,58760.0,58760.0,3954.0,BTC=F
2021-04-12,60000.0,61945.0,59915.0,60545.0,60545.0,6628.0,BTC=F
2021-04-13,60500.0,64450.0,60300.0,63685.0,63685.0,7145.0,BTC=F
2021-04-14,63885.0,65520.0,61565.0,62400.0,62400.0,8430.0,BTC=F
2021-04-15,62795.0,64030.0,62375.0,63840.0,63840.0,4886.0,BTC=F
2021-04-16,63765.0,64000.0,60165.0,61980.0,61980.0,6631.0,BTC=F
2021-04-19,57120.0,57750.0,54450.0,56045.0,56045.0,10366.0,BTC=F
2021-04-20,56335.0,57155.0,53430.0,56715.0,56715.0,9193.0,BTC=F
2021-04-21,56900.0,57160.0,54325.0,55610.0,55610.0,5859.0,BTC=F
2021-04-22,54825.0,55645.0,51365.0,52860.0,52860.0,13161.0,BTC=F
2021-04-23,51505.0,52150.0,47395.0,50845.0,50845.0,10381.0,BTC=F
2021-04-26,47440.0,54410.0,47440.0,54070.0,54070.0,8341.0,BTC=F
2021-04-27,53370.0,55420.0,52925.0,54790.0,54790.0,5136.0,BTC=F
2021-04-28,55265.0,56500.0,53905.0,55410.0,55410.0,6400.0,BTC=F
2021-04-29,54725.0,55205.0,52335.0,52900.0,52900.0,5604.0,BTC=F
2021-04-30,53255.0,56565.0,53125.0,56127.5,56127.5,6071.0,BTC=F
2021-05-03,56985.0,59305.0,56380.0,57765.0,57765.0,5621.0,BTC=F
2021-05-04,57390.0,57755.0,53220.0,54515.0,54515.0,8065.0,BTC=F
2021-05-05,54365.0,58110.0,52830.0,57295.0,57295.0,6056.0,BTC=F
2021-05-06,56950.0,58600.0,55255.0,56180.0,56180.0,5933.0,BTC=F
2021-05-07,56350.0,58845.0,55340.0,57760.0,57760.0,4969.0,BTC=F
2021-05-10,58200.0,59900.0,53595.0,55705.0,55705.0,7951.0,BTC=F
2021-05-11,55690.0,57075.0,54375.0,56805.0,56805.0,5353.0,BTC=F
2021-05-12,56735.0,58140.0,53355.0,54445.0,54445.0,8665.0,BTC=F
2021-05-13,54545.0,54605.0,46395.0,48365.0,48365.0,14808.0,BTC=F
2021-05-14,49215.0,51475.0,48370.0,50190.0,50190.0,5432.0,BTC=F
2021-05-17,45295.0,46620.0,42050.0,44060.0,44060.0,11148.0,BTC=F
2021-05-18,43500.0,45755.0,42280.0,43150.0,43150.0,8310.0,BTC=F
2021-05-19,42915.0,43530.0,30205.0,39340.0,39340.0,26734.0,BTC=F
2021-05-20,38925.0,42420.0,34950.0,40320.0,40320.0,13391.0,BTC=F
2021-05-21,40720.0,42370.0,35135.0,36085.0,36085.0,12908.0,BTC=F
2021-05-24,34280.0,39950.0,33720.0,39750.0,39750.0,10870.0,BTC=F
2021-05-25,38540.0,39885.0,36555.0,37330.0,37330.0,8766.0,BTC=F
2021-05-26,38055.0,40895.0,37875.0,38545.0,38545.0,9284.0,BTC=F
2021-05-27,39025.0,40435.0,37270.0,38845.0,38845.0,6239.0,BTC=F
2021-05-28,38800.0,39180.0,35160.0,36841.30078125,36841.30078125,8101.0,BTC=F
2021-06-01,35905.0,37985.0,34250.0,35990.0,35990.0,8098.0,BTC=F
2021-06-02,36205.0,38340.0,35940.0,38040.0,38040.0,4028.0,BTC=F
2021-06-03,37835.0,39560.0,37255.0,38715.0,38715.0,4312.0,BTC=F
2021-06-04,38840.0,39330.0,35590.0,36955.0,36955.0,8164.0,BTC=F
2021-06-07,36205.0,37015.0,34000.0,35645.0,35645.0,6680.0,BTC=F
2021-06-08,34130.0,34295.0,30915.0,32910.0,32910.0,11212.0,BTC=F
2021-06-09,33485.0,36945.0,32420.0,36375.0,36375.0,8450.0,BTC=F
2021-06-10,36610.0,38460.0,35815.0,36690.0,36690.0,6676.0,BTC=F
2021-06-11,36725.0,37700.0,35955.0,37325.0,37325.0,3333.0,BTC=F
2021-06-14,38900.0,41070.0,38705.0,39710.0,39710.0,5935.0,BTC=F
2021-06-15,40250.0,41335.0,39565.0,39995.0,39995.0,4180.0,BTC=F
2021-06-16,40025.0,40480.0,38270.0,38565.0,38565.0,6334.0,BTC=F
2021-06-17,38550.0,39535.0,37315.0,37665.0,37665.0,5646.0,BTC=F
2021-06-18,37695.0,38175.0,35100.0,35285.0,35285.0,5719.0,BTC=F
2021-06-21,35555.0,35790.0,31715.0,32560.0,32560.0,9302.0,BTC=F
2021-06-22,31700.0,33310.0,28800.0,32480.0,32480.0,14889.0,BTC=F
2021-06-23,32560.0,34835.0,31780.0,32900.0,32900.0,7184.0,BTC=F
2021-06-24,33220.0,35245.0,32330.0,34805.0,34805.0,6210.0,BTC=F
2021-06-25,34700.0,35300.0,32630.0,33079.3984375,33079.3984375,6633.0,BTC=F
2021-06-28,32775.0,35325.0,32750.0,34525.0,34525.0,5519.0,BTC=F
2021-06-29,34680.0,36650.0,34200.0,36430.0,36430.0,4838.0,BTC=F
2021-06-30,36215.0,36215.0,34020.0,34725.0,34725.0,3880.0,BTC=F
2021-07-01,34765.0,35185.0,32695.0,33030.0,33030.0,4607.0,BTC=F
2021-07-02,33460.0,33995.0,32620.0,33285.0,33285.0,3489.0,BTC=F
2021-07-06,35800.0,35955.0,33315.0,33975.0,33975.0,6997.0,BTC=F
2021-07-07,33800.0,35140.0,33675.0,34700.0,34700.0,3868.0,BTC=F
2021-07-08,34200.0,34300.0,32040.0,32960.0,32960.0,5747.0,BTC=F
2021-07-09,32680.0,33740.0,32295.0,33455.0,33455.0,2662.0,BTC=F
2021-07-12,34430.0,34830.0,32600.0,32760.0,32760.0,3826.0,BTC=F
2021-07-13,32830.0,33330.0,32150.0,32215.0,32215.0,3084.0,BTC=F
2021-07-14,32535.0,33195.0,31515.0,32740.0,32740.0,3546.0,BTC=F
2021-07-15,32930.0,33180.0,30970.0,31410.0,31410.0,6733.0,BTC=F
2021-07-16,31700.0,32205.0,30960.0,31925.0,31925.0,4090.0,BTC=F
2021-07-19,31760.0,31860.0,30280.0,30690.0,30690.0,3945.0,BTC=F
2021-07-20,30680.0,31015.0,29215.0,29715.0,29715.0,4343.0,BTC=F
2021-07-21,29625.0,32830.0,29435.0,31620.0,31620.0,9993.0,BTC=F
2021-07-22,31920.0,32590.0,31680.0,32415.0,32415.0,3232.0,BTC=F
2021-07-23,32180.0,32930.0,31980.0,32270.0,32270.0,2498.0,BTC=F
2021-07-26,34475.0,40580.0,34420.0,39480.0,39480.0,17245.0,BTC=F
2021-07-27,37090.0,38795.0,36425.0,37890.0,37890.0,7578.0,BTC=F
2021-07-28,38340.0,40940.0,38150.0,40370.0,40370.0,10480.0,BTC=F
2021-07-29,40165.0,40650.0,39290.0,39675.0,39675.0,6100.0,BTC=F
2021-07-30,39640.0,40240.0,38455.0,39020.8984375,39020.8984375,4892.0,BTC=F
2021-08-02,41185.0,41500.0,38715.0,39180.0,39180.0,4781.0,BTC=F
2021-08-03,39180.0,39830.0,37580.0,37965.0,37965.0,5443.0,BTC=F
2021-08-04,38265.0,39945.0,37465.0,39840.0,39840.0,3669.0,BTC=F
2021-08-05,39940.0,41480.0,37300.0,40755.0,40755.0,6706.0,BTC=F
2021-08-06,41095.0,43430.0,39910.0,42970.0,42970.0,6634.0,BTC=F
2021-08-09,44255.0,46520.0,42890.0,46045.0,46045.0,7172.0,BTC=F
2021-08-10,45760.0,46800.0,44650.0,45495.0,45495.0,5332.0,BTC=F
2021-08-11,45755.0,46835.0,45250.0,46455.0,46455.0,3447.0,BTC=F
2021-08-12,46315.0,46315.0,43780.0,44360.0,44360.0,5190.0,BTC=F
2021-08-13,44310.0,48005.0,43830.0,46505.0,46505.0,3796.0,BTC=F
2021-08-16,46905.0,48100.0,45670.0,46095.0,46095.0,4125.0,BTC=F
2021-08-17,46000.0,47205.0,44570.0,45520.0,45520.0,4393.0,BTC=F
2021-08-18,44795.0,46105.0,44155.0,44855.0,44855.0,5149.0,BTC=F
2021-08-19,44530.0,46895.0,43900.0,46700.0,46700.0,6208.0,BTC=F
2021-08-20,46545.0,49185.0,46370.0,48730.0,48730.0,5402.0,BTC=F
2021-08-23,48815.0,50585.0,48640.0,49280.0,49280.0,5956.0,BTC=F
2021-08-24,49520.0,49885.0,47735.0,48210.0,48210.0,5776.0,BTC=F
2021-08-25,48205.0,49135.0,47065.0,48705.0,48705.0,6128.0,BTC=F
2021-08-26,48950.0,49345.0,46230.0,46940.0,46940.0,6139.0,BTC=F
2021-08-27,47205.0,48210.0,46420.0,47952.0,47952.0,5609.0,BTC=F
2021-08-30,49070.0,49510.0,47460.0,48765.0,48765.0,3419.0,BTC=F
2021-08-31,48610.0,48610.0,46695.0,47390.0,47390.0,4056.0,BTC=F
2021-09-01,46940.0,49270.0,46530.0,48320.0,48320.0,4280.0,BTC=F
2021-09-02,48600.0,50570.0,48400.0,49375.0,49375.0,4772.0,BTC=F
2021-09-03,49900.0,51260.0,48445.0,50710.0,50710.0,5123.0,BTC=F
2021-09-07,51755.0,53125.0,43705.0,46780.0,46780.0,13967.0,BTC=F
2021-09-08,46590.0,47440.0,44500.0,46520.0,46520.0,5680.0,BTC=F
2021-09-09,46250.0,47465.0,45545.0,46645.0,46645.0,4052.0,BTC=F
2021-09-10,46545.0,47065.0,44750.0,45675.0,45675.0,4853.0,BTC=F
2021-09-13,45240.0,46945.0,43310.0,44815.0,44815.0,7363.0,BTC=F
2021-09-14,45215.0,47025.0,44705.0,46515.0,46515.0,3802.0,BTC=F
2021-09-15,46700.0,48510.0,46635.0,48190.0,48190.0,3080.0,BTC=F
2021-09-16,48270.0,48600.0,47050.0,47495.0,47495.0,4538.0,BTC=F
2021-09-17,47600.0,48225.0,46670.0,47490.0,47490.0,3893.0,BTC=F
2021-09-20,47415.0,47620.0,42365.0,43780.0,43780.0,8330.0,BTC=F
2021-09-21,43410.0,43870.0,40085.0,42030.0,42030.0,8523.0,BTC=F
2021-09-22,41330.0,44025.0,40145.0,43385.0,43385.0,7828.0,BTC=F
2021-09-23,43255.0,44970.0,43095.0,44785.0,44785.0,5357.0,BTC=F
2021-09-24,44790.0,45115.0,40855.0,42359.3984375,42359.3984375,11471.0,BTC=F
2021-09-27,43635.0,44580.0,42770.0,43150.0,43150.0,5221.0,BTC=F
2021-09-28,43215.0,43555.0,41145.0,41600.0,41600.0,4666.0,BTC=F
2021-09-29,41890.0,42735.0,40785.0,41155.0,41155.0,3694.0,BTC=F
2021-09-30,41240.0,44175.0,41040.0,43615.0,43615.0,4869.0,BTC=F
2021-10-01,43735.0,48705.0,43330.0,48390.0,48390.0,9404.0,BTC=F
2021-10-04,48070.0,50000.0,47180.0,49855.0,49855.0,5865.0,BTC=F
2021-10-05,49310.0,52165.0,49100.0,51630.0,51630.0,8408.0,BTC=F
2021-10-06,52165.0,55935.0,50855.0,55700.0,55700.0,9662.0,BTC=F
2021-10-07,55580.0,56325.0,53855.0,54470.0,54470.0,5323.0,BTC=F
2021-10-08,54925.0,56815.0,54155.0,55180.0,55180.0,5063.0,BTC=F
2021-10-11,55330.0,58355.0,54820.0,57990.0,57990.0,5686.0,BTC=F
2021-10-12,57700.0,58215.0,54370.0,55815.0,55815.0,6691.0,BTC=F
2021-10-13,56350.0,57950.0,54700.0,57750.0,57750.0,6939.0,BTC=F
2021-10-14,57700.0,59025.0,57190.0,58195.0,58195.0,6318.0,BTC=F
2021-10-15,58150.0,63525.0,57250.0,62075.0,62075.0,11665.0,BTC=F
2021-10-18,61120.0,63230.0,60100.0,61650.0,61650.0,10019.0,BTC=F
2021-10-19,61905.0,64780.0,61730.0,64660.0,64660.0,15283.0,BTC=F
2021-10-20,64490.0,67680.0,63830.0,66665.0,66665.0,15201.0,BTC=F
2021-10-21,66160.0,66960.0,62140.0,62910.0,62910.0,15609.0,BTC=F
2021-10-22,62890.0,63950.0,60210.0,61080.0,61080.0,10125.0,BTC=F
2021-10-25,61080.0,63865.0,60820.0,62725.0,62725.0,7184.0,BTC=F
2021-10-26,62855.0,63345.0,61810.0,61975.0,61975.0,7404.0,BTC=F
2021-10-27,61255.0,61450.0,57855.0,59065.0,59065.0,12927.0,BTC=F
2021-10-28,58790.0,62400.0,57855.0,61335.0,61335.0,9715.0,BTC=F
2021-10-29,61295.0,62030.0,60220.0,61149.30078125,61149.30078125,6361.0,BTC=F
2021-11-01,61995.0,62850.0,59700.0,61615.0,61615.0,4979.0,BTC=F
2021-11-02,61010.0,64665.0,60900.0,64015.0,64015.0,5238.0,BTC=F
2021-11-03,63580.0,63965.0,60945.0,63065.0,63065.0,5495.0,BTC=F
2021-11-04,63450.0,63475.0,60860.0,61360.0,61360.0,5009.0,BTC=F
2021-11-05,61435.0,62865.0,60905.0,61380.0,61380.0,3534.0,BTC=F
2021-11-08,62910.0,67035.0,62905.0,66485.0,66485.0,6018.0,BTC=F
2021-11-09,66715.0,69000.0,66480.0,67625.0,67625.0,5457.0,BTC=F
2021-11-10,67670.0,69355.0,63020.0,66075.0,66075.0,7709.0,BTC=F
2021-11-11,65210.0,65895.0,64340.0,65055.0,65055.0,3912.0,BTC=F
2021-11-12,65400.0,65720.0,62385.0,64235.0,64235.0,6895.0,BTC=F
2021-11-15,64625.0,66555.0,63415.0,63910.0,63910.0,5438.0,BTC=F
2021-11-16,63955.0,64025.0,58515.0,59730.0,59730.0,9161.0,BTC=F
2021-11-17,60700.0,60890.0,58475.0,60485.0,60485.0,6300.0,BTC=F
2021-11-18,59980.0,61035.0,56600.0,58015.0,58015.0,9180.0,BTC=F
2021-11-19,56450.0,58410.0,55600.0,57900.0,57900.0,8253.0,BTC=F
2021-11-22,59100.0,59645.0,55585.0,55815.0,55815.0,11800.0,BTC=F
2021-11-23,56575.0,57940.0,55375.0,57855.0,57855.0,9700.0,BTC=F
2021-11-24,57650.0,57765.0,55825.0,57415.0,57415.0,10085.0,BTC=F
2021-11-25,57000.0,59470.0,56980.0,59275.0,59275.0,10085.0,BTC=F
2021-11-26,57000.0,59470.0,53625.0,54465.69921875,54465.69921875,11541.0,BTC=F
2021-11-29,56290.0,59285.0,56290.0,58470.0,58470.0,5946.0,BTC=F
2021-11-30,58530.0,59680.0,56145.0,57780.0,57780.0,7792.0,BTC=F
2021-12-01,57660.0,59545.0,56650.0,56990.0,56990.0,6552.0,BTC=F
2021-12-02,57305.0,57705.0,55990.0,57175.0,57175.0,5835.0,BTC=F
2021-12-03,57030.0,57945.0,51585.0,53545.0,53545.0,11175.0,BTC=F
2021-12-06,49265.0,50730.0,47215.0,48960.0,48960.0,9344.0,BTC=F
2021-12-07,50745.0,52195.0,50360.0,50600.0,50600.0,4985.0,BTC=F
2021-12-08,50600.0,51370.0,48645.0,50925.0,50925.0,4851.0,BTC=F
2021-12-09,50400.0,50940.0,47345.0,47675.0,47675.0,5159.0,BTC=F
2021-12-10,47940.0,50265.0,47325.0,48490.0,48490.0,6036.0,BTC=F
2021-12-13,50205.0,50480.0,45700.0,46595.0,46595.0,6827.0,BTC=F
2021-12-14,46950.0,48700.0,46295.0,47870.0,47870.0,5871.0,BTC=F
2021-12-15,48350.0,49605.0,46570.0,49350.0,49350.0,8301.0,BTC=F
2021-12-16,48940.0,49500.0,47595.0,48010.0,48010.0,5529.0,BTC=F
2021-12-17,47870.0,48010.0,45415.0,46250.0,46250.0,4533.0,BTC=F
2021-12-20,47280.0,47555.0,45515.0,47060.0,47060.0,4303.0,BTC=F
2021-12-21,46835.0,49390.0,46710.0,48685.0,48685.0,3998.0,BTC=F
2021-12-22,49280.0,49635.0,48500.0,49045.0,49045.0,2811.0,BTC=F
2021-12-23,49085.0,51470.0,48035.0,51060.0,51060.0,4756.0,BTC=F
2021-12-27,51040.0,52200.0,50520.0,51275.0,51275.0,5511.0,BTC=F
2021-12-28,51025.0,51045.0,47300.0,47755.0,47755.0,7868.0,BTC=F
2021-12-29,47585.0,48095.0,46550.0,47370.0,47370.0,6913.0,BTC=F
2021-12-30,47230.0,47970.0,45880.0,47170.0,47170.0,6480.0,BTC=F
2021-12-31,47055.0,48590.0,46915.0,47977.0,47977.0,491.0,BTC=F
2022-01-03,47977.0,47977.0,47977.0,47977.0,47977.0,4161.0,BTC=F
2022-01-04,46205.0,47650.0,45485.0,46305.0,46305.0,5049.0,BTC=F
2022-01-05,46100.0,47100.0,43290.0,43830.0,43830.0,8922.0,BTC=F
2022-01-06,43405.0,43720.0,42375.0,43215.0,43215.0,5222.0,BTC=F
2022-01-07,43170.0,43240.0,40470.0,41870.0,41870.0,9276.0,BTC=F
2022-01-10,42205.0,42245.0,39470.0,41745.0,41745.0,8665.0,BTC=F
2022-01-11,41595.0,43155.0,41220.0,42805.0,42805.0,6191.0,BTC=F
2022-01-12,42695.0,44310.0,42455.0,43825.0,43825.0,4068.0,BTC=F
2022-01-13,43880.0,44450.0,42280.0,42675.0,42675.0,4068.0,BTC=F
2022-01-14,42620.0,43445.0,41680.0,43120.0,43120.0,4202.0,BTC=F
2022-01-18,43270.0,43315.0,41175.0,41665.0,41665.0,6821.0,BTC=F
2022-01-19,42430.0,42615.0,41080.0,41575.0,41575.0,6542.0,BTC=F
2022-01-20,41940.0,43545.0,41260.0,42675.0,42675.0,7229.0,BTC=F
2022-01-21,41125.0,41135.0,36150.0,38180.0,38180.0,11781.0,BTC=F
2022-01-24,35555.0,37600.0,32855.0,37220.0,37220.0,16299.0,BTC=F
2022-01-25,36490.0,37550.0,35725.0,36855.0,36855.0,8969.0,BTC=F
2022-01-26,36765.0,38895.0,36330.0,37060.0,37060.0,10251.0,BTC=F
2022-01-27,36555.0,37210.0,35485.0,35565.0,35565.0,8331.0,BTC=F
2022-01-28,36535.0,37415.0,36215.0,37075.8984375,37075.8984375,900.0,BTC=F
2022-01-31,37075.8984375,37075.8984375,37075.8984375,37075.8984375,37075.8984375,4094.0,BTC=F
2022-02-01,38450.0,39275.0,38055.0,38585.0,38585.0,4095.0,BTC=F
2022-02-02,38685.0,38900.0,36515.0,37535.0,37535.0,4396.0,BTC=F
2022-02-03,36970.0,37100.0,36235.0,36265.0,36265.0,4222.0,BTC=F
2022-02-04,36930.0,40935.0,36895.0,40640.0,40640.0,9595.0,BTC=F
2022-02-07,41420.0,44615.0,41420.0,44235.0,44235.0,7457.0,BTC=F
2022-02-08,44110.0,45605.0,42780.0,44340.0,44340.0,5873.0,BTC=F
2022-02-09,44235.0,44900.0,43210.0,44855.0,44855.0,4103.0,BTC=F
2022-02-10,44640.0,45905.0,43270.0,44180.0,44180.0,8449.0,BTC=F
2022-02-11,43950.0,44145.0,42075.0,42390.0,42390.0,6220.0,BTC=F
2022-02-14,42470.0,42930.0,41560.0,42205.0,42205.0,5402.0,BTC=F
2022-02-15,42665.0,44620.0,42495.0,44215.0,44215.0,4089.0,BTC=F
2022-02-16,44210.0,44860.0,43350.0,44175.0,44175.0,3894.0,BTC=F
2022-02-17,44075.0,44275.0,40090.0,40900.0,40900.0,6682.0,BTC=F
2022-02-18,40675.0,41000.0,39485.0,39945.0,39945.0,7267.0,BTC=F
2022-02-22,38860.0,39460.0,36340.0,37915.0,37915.0,12994.0,BTC=F
2022-02-23,37890.0,39235.0,37365.0,37660.0,37660.0,9503.0,BTC=F
2022-02-24,37670.0,39740.0,34295.0,38360.0,38360.0,14197.0,BTC=F
2022-02-25,38110.0,39645.0,37900.0,39202.1015625,39202.1015625,542.0,BTC=F
2022-02-28,39202.1015625,39202.1015625,39202.1015625,39202.1015625,39202.1015625,9471.0,BTC=F
2022-03-01,43100.0,45110.0,42930.0,44240.0,44240.0,8747.0,BTC=F
2022-03-02,44205.0,45455.0,43420.0,43925.0,43925.0,6395.0,BTC=F
2022-03-03,44205.0,44325.0,41870.0,42080.0,42080.0,6109.0,BTC=F
2022-03-04,42495.0,42640.0,39090.0,39545.0,39545.0,5656.0,BTC=F
2022-03-07,39060.0,39540.0,37180.0,37540.0,37540.0,5831.0,BTC=F
2022-03-08,38110.0,39410.0,37895.0,38505.0,38505.0,5230.0,BTC=F
2022-03-09,38540.0,42715.0,38540.0,41920.0,41920.0,7469.0,BTC=F
2022-03-10,42055.0,42245.0,38555.0,39630.0,39630.0,5922.0,BTC=F
2022-03-11,39530.0,40260.0,38240.0,38325.0,38325.0,5471.0,BTC=F
2022-03-14,38725.0,39340.0,37495.0,38830.0,38830.0,4213.0,BTC=F
2022-03-15,38725.0,39935.0,38085.0,39760.0,39760.0,4604.0,BTC=F
2022-03-16,39725.0,41765.0,38810.0,40920.0,40920.0,8470.0,BTC=F
2022-03-17,41200.0,41520.0,40570.0,40885.0,40885.0,2547.0,BTC=F
2022-03-18,41050.0,42360.0,40180.0,42095.0,42095.0,5113.0,BTC=F
2022-03-21,41445.0,41595.0,40555.0,41220.0,41220.0,5712.0,BTC=F
2022-03-22,41335.0,43490.0,40885.0,42390.0,42390.0,10059.0,BTC=F
2022-03-23,42880.0,42985.0,41815.0,42250.0,42250.0,8001.0,BTC=F
2022-03-24,42430.0,44340.0,42345.0,43965.0,43965.0,11117.0,BTC=F
2022-03-25,43975.0,45170.0,43625.0,44504.0,44504.0,691.0,BTC=F
2022-03-28,44504.0,44504.0,44504.0,44504.0,44504.0,6528.0,BTC=F
2022-03-29,47970.0,48390.0,47235.0,47930.0,47930.0,4677.0,BTC=F
2022-03-30,47430.0,48000.0,46715.0,47240.0,47240.0,4074.0,BTC=F
2022-03-31,47220.0,47875.0,45620.0,45735.0,45735.0,5480.0,BTC=F
2022-04-01,45865.0,46910.0,44345.0,46550.0,46550.0,5689.0,BTC=F
2022-04-04,47225.0,47610.0,45205.0,46085.0,46085.0,5287.0,BTC=F
2022-04-05,46600.0,47445.0,45550.0,46140.0,46140.0,7492.0,BTC=F
2022-04-06,45995.0,46060.0,43130.0,43775.0,43775.0,7113.0,BTC=F
2022-04-07,43880.0,43885.0,42720.0,43380.0,43380.0,4605.0,BTC=F
2022-04-08,43565.0,44090.0,42445.0,42715.0,42715.0,5079.0,BTC=F
2022-04-11,42710.0,42805.0,39460.0,39955.0,39955.0,5945.0,BTC=F
2022-04-12,39410.0,40805.0,39190.0,39290.0,39290.0,5562.0,BTC=F
2022-04-13,39650.0,41590.0,39560.0,41120.0,41120.0,5018.0,BTC=F
2022-04-14,41240.0,41540.0,39565.0,39825.0,39825.0,3012.0,BTC=F
2022-04-18,40150.0,41125.0,38535.0,40700.0,40700.0,5796.0,BTC=F
2022-04-19,40825.0,41820.0,40585.0,41520.0,41520.0,3695.0,BTC=F
2022-04-20,41335.0,42295.0,40895.0,41235.0,41235.0,3726.0,BTC=F
2022-04-21,41550.0,43010.0,40610.0,41245.0,41245.0,5772.0,BTC=F
2022-04-22,40650.0,40815.0,39165.0,39455.0,39455.0,4525.0,BTC=F
2022-04-25,39595.0,40400.0,38190.0,40210.0,40210.0,7333.0,BTC=F
2022-04-26,40210.0,40765.0,37665.0,38220.0,38220.0,10107.0,BTC=F
2022-04-27,38210.0,39475.0,37665.0,38900.0,38900.0,6779.0,BTC=F
2022-04-28,39220.0,40440.0,38900.0,39920.0,39920.0,8547.0,BTC=F
2022-04-29,39785.0,39840.0,38595.0,38997.30078125,38997.30078125,864.0,BTC=F
2022-05-02,38997.30078125,38997.30078125,38997.30078125,38997.30078125,38997.30078125,4364.0,BTC=F
2022-05-03,38685.0,38810.0,37420.0,37635.0,37635.0,4864.0,BTC=F
2022-05-04,37725.0,40100.0,37535.0,39900.0,39900.0,8011.0,BTC=F
2022-05-05,39795.0,39860.0,35520.0,36270.0,36270.0,10002.0,BTC=F
2022-05-06,36405.0,36595.0,35180.0,35925.0,35925.0,5712.0,BTC=F
2022-05-09,34455.0,34455.0,30300.0,30930.0,30930.0,12896.0,BTC=F
2022-05-10,30960.0,32615.0,29700.0,31280.0,31280.0,7243.0,BTC=F
2022-05-11,30195.0,32140.0,28105.0,29195.0,29195.0,19281.0,BTC=F
2022-05-12,28860.0,30100.0,25350.0,28585.0,28585.0,15142.0,BTC=F
2022-05-13,28255.0,31000.0,28230.0,30035.0,30035.0,6899.0,BTC=F
2022-05-16,31000.0,31400.0,29020.0,29505.0,29505.0,6177.0,BTC=F
2022-05-17,30130.0,30745.0,29420.0,30000.0,30000.0,7459.0,BTC=F
2022-05-18,30560.0,30650.0,28650.0,29185.0,29185.0,7228.0,BTC=F
2022-05-19,29025.0,30510.0,28555.0,29945.0,29945.0,8809.0,BTC=F
2022-05-20,30235.0,30715.0,28635.0,29260.0,29260.0,9098.0,BTC=F
2022-05-23,30010.0,30680.0,28960.0,29015.0,29015.0,11285.0,BTC=F
2022-05-24,29235.0,29580.0,28570.0,29305.0,29305.0,11237.0,BTC=F
2022-05-25,29585.0,30225.0,29300.0,29535.0,29535.0,9662.0,BTC=F
2022-05-26,29750.0,29895.0,27995.0,29315.0,29315.0,12168.0,BTC=F
2022-05-27,29550.0,29605.0,28630.0,29042.19921875,29042.19921875,14873.0,BTC=F
2022-05-30,,,,,,,BTC=F
2022-05-31,,,,,,,BTC=F
2022-06-01,31700.0,32020.0,29265.0,30035.0,30035.0,7625.0,BTC=F
2022-06-02,29535.0,30435.0,29480.0,30290.0,30290.0,6669.0,BTC=F
2022-06-03,30355.0,30725.0,29165.0,29535.0,29535.0,6335.0,BTC=F
2022-06-06,29900.0,31805.0,29820.0,31490.0,31490.0,9293.0,BTC=F
2022-06-07,31500.0,31575.0,29130.0,31045.0,31045.0,11270.0,BTC=F
2022-06-08,31460.0,31580.0,29775.0,30080.0,30080.0,7937.0,BTC=F
2022-06-09,30320.0,30665.0,29880.0,29945.0,29945.0,4174.0,BTC=F
2022-06-10,30085.0,31025.0,28740.0,28920.0,28920.0,8031.0,BTC=F
2022-06-13,27355.0,27365.0,22490.0,23110.0,23110.0,18646.0,BTC=F
2022-06-14,23010.0,23290.0,20775.0,22125.0,22125.0,16480.0,BTC=F
2022-06-15,21460.0,22385.0,20025.0,21625.0,21625.0,19873.0,BTC=F
2022-06-16,22165.0,22945.0,20435.0,20790.0,20790.0,9773.0,BTC=F
2022-06-17,20645.0,21315.0,20145.0,20470.0,20470.0,8720.0,BTC=F
2022-06-20,20390.0,21035.0,19600.0,20410.0,20410.0,8720.0,BTC=F
2022-06-21,20390.0,21715.0,19600.0,20860.0,20860.0,18029.0,BTC=F
2022-06-22,20920.0,20920.0,19760.0,20105.0,20105.0,13382.0,BTC=F
2022-06-23,19945.0,21090.0,19875.0,20900.0,20900.0,10083.0,BTC=F
2022-06-24,20740.0,21535.0,20740.0,21206.900390625,21206.900390625,7037.0,BTC=F
2022-06-27,21360.0,21530.0,20420.0,20800.0,20800.0,5894.0,BTC=F
2022-06-28,20765.0,21195.0,20125.0,20175.0,20175.0,5868.0,BTC=F
2022-06-29,20290.0,20405.0,19775.0,20185.0,20185.0,6703.0,BTC=F
2022-06-30,20240.0,20295.0,18525.0,18760.0,18760.0,10284.0,BTC=F
2022-07-01,18700.0,20790.0,18630.0,19315.0,19315.0,10646.0,BTC=F
2022-07-04,,,,,,,BTC=F
2022-07-05,19270.0,20740.0,18985.0,20390.0,20390.0,15041.0,BTC=F
2022-07-06,20310.0,20450.0,19730.0,20275.0,20275.0,5808.0,BTC=F
2022-07-07,20360.0,21890.0,20245.0,21855.0,21855.0,8758.0,BTC=F
2022-07-08,21670.0,22550.0,21160.0,21765.0,21765.0,9678.0,BTC=F
2022-07-11,21045.0,21045.0,20215.0,20455.0,20455.0,7657.0,BTC=F
2022-07-12,20190.0,20190.0,19215.0,19315.0,19315.0,7721.0,BTC=F
2022-07-13,19290.0,20090.0,18830.0,19615.0,19615.0,12021.0,BTC=F
2022-07-14,19890.0,20885.0,19585.0,20625.0,20625.0,10781.0,BTC=F
2022-07-15,20440.0,21215.0,20360.0,21190.0,21190.0,6272.0,BTC=F
2022-07-18,21080.0,22785.0,20750.0,21620.0,21620.0,10033.0,BTC=F
2022-07-19,21660.0,23725.0,21575.0,23460.0,23460.0,11774.0,BTC=F
2022-07-20,23650.0,24300.0,22930.0,23695.0,23695.0,10139.0,BTC=F
2022-07-21,23595.0,23685.0,22365.0,23230.0,23230.0,7350.0,BTC=F
2022-07-22,23210.0,23800.0,22540.0,22615.0,22615.0,6639.0,BTC=F
2022-07-25,22830.0,23035.0,21580.0,21885.0,21885.0,10395.0,BTC=F
2022-07-26,22045.0,22045.0,20715.0,20915.0,20915.0,11713.0,BTC=F
2022-07-27,21015.0,23120.0,21000.0,22780.0,22780.0,13017.0,BTC=F
2022-07-28,22785.0,24230.0,22620.0,23805.0,23805.0,11797.0,BTC=F
2022-07-29,23950.0,24490.0,23460.0,24082.5,24082.5,7464.0,BTC=F
2022-08-01,23655.0,23685.0,22895.0,23030.0,23030.0,5781.0,BTC=F
2022-08-02,23050.0,23510.0,22685.0,23000.0,23000.0,5487.0,BTC=F
2022-08-03,23175.0,23705.0,22730.0,23540.0,23540.0,6020.0,BTC=F
2022-08-04,23370.0,23370.0,22405.0,22455.0,22455.0,7914.0,BTC=F
2022-08-05,22505.0,23555.0,22475.0,22960.0,22960.0,8818.0,BTC=F
2022-08-08,23310.0,24355.0,23085.0,23985.0,23985.0,7581.0,BTC=F
2022-08-09,23880.0,23965.0,22850.0,23060.0,23060.0,8218.0,BTC=F
2022-08-10,23200.0,24240.0,22630.0,23655.0,23655.0,9528.0,BTC=F
2022-08-11,24000.0,24980.0,23840.0,24245.0,24245.0,9242.0,BTC=F
2022-08-12,24225.0,24315.0,23600.0,24240.0,24240.0,4938.0,BTC=F
2022-08-15,24360.0,25270.0,23890.0,24000.0,24000.0,7443.0,BTC=F
2022-08-16,24060.0,24265.0,23640.0,23945.0,23945.0,5100.0,BTC=F
2022-08-17,23960.0,24465.0,23145.0,23230.0,23230.0,8565.0,BTC=F
2022-08-18,23260.0,23590.0,23210.0,23335.0,23335.0,3984.0,BTC=F
2022-08-19,23330.0,23370.0,21035.0,21230.0,21230.0,11296.0,BTC=F
2022-08-22,21420.0,21595.0,20805.0,20965.0,20965.0,7314.0,BTC=F
2022-08-23,21055.0,21660.0,20790.0,21490.0,21490.0,8565.0,BTC=F
2022-08-24,21480.0,21900.0,21125.0,21710.0,21710.0,9887.0,BTC=F
2022-08-25,21610.0,21810.0,21290.0,21565.0,21565.0,7808.0,BTC=F
2022-08-26,21425.0,21865.0,21035.0,21418.0,21418.0,13737.0,BTC=F
2022-08-29,19890.0,20315.0,19345.0,19965.0,19965.0,7992.0,BTC=F
2022-08-30,19985.0,20630.0,19345.0,19770.0,19770.0,7230.0,BTC=F
2022-08-31,19745.0,20400.0,19585.0,20065.0,20065.0,7256.0,BTC=F
2022-09-01,20130.0,20145.0,19310.0,19695.0,19695.0,7103.0,BTC=F
2022-09-02,19975.0,20390.0,19555.0,19775.0,19775.0,9765.0,BTC=F
2022-09-05,,,,,,,BTC=F
2022-09-06,19745.0,20080.0,18480.0,18635.0,18635.0,15290.0,BTC=F
2022-09-07,18780.0,19365.0,18360.0,18925.0,18925.0,6749.0,BTC=F
2022-09-08,19170.0,19400.0,18905.0,19260.0,19260.0,7811.0,BTC=F
2022-09-09,19010.0,21485.0,19010.0,21345.0,21345.0,16199.0,BTC=F
2022-09-12,21500.0,22530.0,21500.0,22455.0,22455.0,8764.0,BTC=F
2022-09-13,22390.0,22875.0,20050.0,20240.0,20240.0,15358.0,BTC=F
2022-09-14,20110.0,20500.0,19585.0,19925.0,19925.0,7625.0,BTC=F
2022-09-15,20130.0,20345.0,19450.0,19730.0,19730.0,7042.0,BTC=F
2022-09-16,19750.0,19865.0,19275.0,19575.0,19575.0,6561.0,BTC=F
2022-09-19,19490.0,19620.0,18195.0,19480.0,19480.0,12241.0,BTC=F
2022-09-20,19525.0,19640.0,18690.0,18950.0,18950.0,8868.0,BTC=F
2022-09-21,18880.0,19885.0,18670.0,18980.0,18980.0,15361.0,BTC=F
2022-09-22,18510.0,19475.0,18085.0,19295.0,19295.0,9042.0,BTC=F
2022-09-23,19200.0,19495.0,18455.0,18745.0,18745.0,9164.0,BTC=F
2022-09-26,18700.0,19300.0,18545.0,19180.0,19180.0,11533.0,BTC=F
2022-09-27,19060.0,20400.0,18775.0,19045.0,19045.0,18567.0,BTC=F
2022-09-28,18975.0,19685.0,18440.0,19565.0,19565.0,14508.0,BTC=F
2022-09-29,19630.0,19700.0,18820.0,19405.0,19405.0,10690.0,BTC=F
2022-09-30,19510.0,19725.0,19185.0,19699.0,19699.0,12261.0,BTC=F
2022-10-03,19190.0,19690.0,18785.0,19525.0,19525.0,12200.0,BTC=F
2022-10-04,19535.0,20535.0,19515.0,20285.0,20285.0,11729.0,BTC=F
2022-10-05,20385.0,20440.0,19740.0,20140.0,20140.0,9665.0,BTC=F
2022-10-06,20085.0,20515.0,19870.0,20025.0,20025.0,9200.0,BTC=F
2022-10-07,19870.0,20080.0,19260.0,19410.0,19410.0,11120.0,BTC=F
2022-10-10,19390.0,19465.0,19015.0,19125.0,19125.0,7446.0,BTC=F
2022-10-11,19165.0,19225.0,18760.0,18900.0,18900.0,9226.0,BTC=F
2022-10-12,18935.0,19145.0,18900.0,19095.0,19095.0,5182.0,BTC=F
2022-10-13,19150.0,19575.0,17810.0,19360.0,19360.0,23505.0,BTC=F
2022-10-14,19415.0,19975.0,19065.0,19110.0,19110.0,14027.0,BTC=F
2022-10-17,19070.0,19680.0,19070.0,19515.0,19515.0,7538.0,BTC=F
2022-10-18,19525.0,19715.0,19045.0,19180.0,19180.0,8664.0,BTC=F
2022-10-19,19255.0,19340.0,19035.0,19200.0,19200.0,5612.0,BTC=F
2022-10-20,19150.0,19340.0,18875.0,19030.0,19030.0,9380.0,BTC=F
2022-10-21,19050.0,19250.0,18615.0,19195.0,19195.0,10597.0,BTC=F
2022-10-24,19470.0,19695.0,19130.0,19340.0,19340.0,11740.0,BTC=F
2022-10-25,19310.0,20445.0,19230.0,20305.0,20305.0,18642.0,BTC=F
2022-10-26,20215.0,21055.0,20015.0,20780.0,20780.0,16618.0,BTC=F
2022-10-27,20735.0,20935.0,20245.0,20625.0,20625.0,10277.0,BTC=F
2022-10-28,20385.0,20560.0,19965.0,20478.0,20478.0,8559.0,BTC=F
2022-10-31,20715.0,20890.0,20220.0,20380.0,20380.0,7208.0,BTC=F
2022-11-01,20430.0,20725.0,20320.0,20480.0,20480.0,4663.0,BTC=F
2022-11-02,20500.0,20870.0,20105.0,20265.0,20265.0,9266.0,BTC=F
2022-11-03,20165.0,20415.0,20030.0,20285.0,20285.0,7002.0,BTC=F
2022-11-04,20280.0,21400.0,20185.0,21155.0,21155.0,16426.0,BTC=F
2022-11-07,21200.0,21215.0,20635.0,20845.0,20845.0,6250.0,BTC=F
2022-11-08,20500.0,20700.0,16835.0,18080.0,18080.0,44896.0,BTC=F
2022-11-09,18480.0,18565.0,14925.0,15615.0,15615.0,29101.0,BTC=F
2022-11-10,15440.0,17935.0,15230.0,17780.0,17780.0,18015.0,BTC=F
2022-11-11,17460.0,17480.0,15715.0,16050.0,16050.0,12252.0,BTC=F
2022-11-14,15870.0,16740.0,15250.0,16005.0,16005.0,7191.0,BTC=F
2022-11-15,16085.0,16990.0,16085.0,16690.0,16690.0,7408.0,BTC=F
2022-11-16,16715.0,16855.0,16015.0,16285.0,16285.0,7008.0,BTC=F
2022-11-17,16370.0,16610.0,16115.0,16520.0,16520.0,5977.0,BTC=F
2022-11-18,16545.0,16880.0,16365.0,16530.0,16530.0,6052.0,BTC=F
2022-11-21,16155.0,16265.0,15355.0,15690.0,15690.0,12988.0,BTC=F
2022-11-22,15645.0,16295.0,15515.0,16055.0,16055.0,12763.0,BTC=F
2022-11-23,16115.0,16705.0,16080.0,16610.0,16610.0,9969.0,BTC=F
2022-11-25,16470.0,16805.0,16340.0,16512.0,16512.0,3599.0,BTC=F
2022-11-28,16335.0,16375.0,15630.0,15990.0,15990.0,6804.0,BTC=F
2022-11-29,15920.0,16410.0,15880.0,16265.0,16265.0,4649.0,BTC=F
2022-11-30,16235.0,17140.0,16160.0,17080.0,17080.0,8018.0,BTC=F
2022-12-01,17190.0,17235.0,16760.0,16820.0,16820.0,6039.0,BTC=F
2022-12-02,16870.0,17055.0,16055.0,16995.0,16995.0,3869.0,BTC=F
2022-12-05,17020.0,17435.0,16750.0,16825.0,16825.0,6335.0,BTC=F
2022-12-06,16865.0,17025.0,16800.0,16945.0,16945.0,3720.0,BTC=F
2022-12-07,16935.0,17090.0,16580.0,16725.0,16725.0,3966.0,BTC=F
2022-12-08,16760.0,17320.0,16665.0,17185.0,17185.0,7120.0,BTC=F
2022-12-09,17240.0,17355.0,17005.0,17035.0,17035.0,4444.0,BTC=F
2022-12-12,17080.0,17220.0,16820.0,17115.0,17115.0,4191.0,BTC=F
2022-12-13,17170.0,18125.0,17050.0,17745.0,17745.0,9178.0,BTC=F
2022-12-14,17775.0,18420.0,17680.0,17795.0,17795.0,7805.0,BTC=F
2022-12-15,17840.0,17875.0,17290.0,17395.0,17395.0,5851.0,BTC=F
2022-12-16,17340.0,17525.0,16675.0,16775.0,16775.0,7266.0,BTC=F
2022-12-19,16690.0,16770.0,16395.0,16495.0,16495.0,4393.0,BTC=F
2022-12-20,16325.0,17095.0,16275.0,16840.0,16840.0,5601.0,BTC=F
2022-12-21,16870.0,16885.0,16670.0,16735.0,16735.0,2295.0,BTC=F
2022-12-22,16725.0,16850.0,16460.0,16735.0,16735.0,5529.0,BTC=F
2022-12-23,16760.0,16910.0,16695.0,16780.0,16780.0,5712.0,BTC=F
2022-12-26,,,,,,,BTC=F
2022-12-27,16825.0,16950.0,16515.0,16595.0,16595.0,7685.0,BTC=F
2022-12-28,16640.0,16760.0,16420.0,16570.0,16570.0,9933.0,BTC=F
2022-12-29,16510.0,16640.0,16435.0,16585.0,16585.0,6599.0,BTC=F
2022-12-30,16615.0,16625.0,16285.0,16498.0,16498.0,6062.0,BTC=F
2023-01-02,,,,,,,BTC=F
2023-01-03,16675.0,16765.0,16525.0,16615.0,16615.0,4086.0,BTC=F
2023-01-04,16625.0,17015.0,16610.0,16780.0,16780.0,7387.0,BTC=F
2023-01-05,16810.0,16890.0,16715.0,16840.0,16840.0,3408.0,BTC=F
2023-01-06,16825.0,17085.0,16645.0,16895.0,16895.0,6144.0,BTC=F
2023-01-09,16980.0,17440.0,16955.0,17225.0,17225.0,7471.0,BTC=F
2023-01-10,17180.0,17555.0,17135.0,17535.0,17535.0,5068.0,BTC=F
2023-01-11,17490.0,17635.0,17330.0,17615.0,17615.0,4674.0,BTC=F
2023-01-12,17625.0,19200.0,17615.0,19155.0,19155.0,14036.0,BTC=F
2023-01-13,18945.0,19995.0,18785.0,19550.0,19550.0,7033.0,BTC=F
2023-01-16,20985.0,21600.0,20690.0,21205.0,21205.0,7033.0,BTC=F
2023-01-17,20985.0,21725.0,20690.0,21485.0,21485.0,12709.0,BTC=F
2023-01-18,21325.0,21795.0,20460.0,20800.0,20800.0,13106.0,BTC=F
2023-01-19,20905.0,21275.0,20730.0,21200.0,21200.0,5319.0,BTC=F
2023-01-20,21155.0,22525.0,20935.0,22390.0,22390.0,9472.0,BTC=F
2023-01-23,22605.0,23240.0,22585.0,23090.0,23090.0,10731.0,BTC=F
2023-01-24,22990.0,23210.0,22775.0,23065.0,23065.0,7975.0,BTC=F
2023-01-25,22770.0,23770.0,22345.0,22940.0,22940.0,10974.0,BTC=F
2023-01-26,23100.0,23285.0,22835.0,23075.0,23075.0,11146.0,BTC=F
2023-01-27,22955.0,23090.0,22545.0,23053.0,23053.0,7950.0,BTC=F
2023-01-30,23900.0,24080.0,22715.0,22825.0,22825.0,5865.0,BTC=F
2023-01-31,22870.0,23410.0,22850.0,23250.0,23250.0,3489.0,BTC=F
2023-02-01,23335.0,23965.0,22905.0,23755.0,23755.0,5605.0,BTC=F
2023-02-02,23940.0,24450.0,23550.0,24005.0,24005.0,7693.0,BTC=F
2023-02-03,23665.0,23890.0,23340.0,23485.0,23485.0,6471.0,BTC=F
2023-02-06,23100.0,23275.0,22755.0,23110.0,23110.0,4857.0,BTC=F
2023-02-07,22960.0,23460.0,22725.0,23300.0,23300.0,5725.0,BTC=F
2023-02-08,23300.0,23540.0,22695.0,22885.0,22885.0,5590.0,BTC=F
2023-02-09,23015.0,23085.0,21720.0,22010.0,22010.0,10270.0,BTC=F
2023-02-10,21825.0,21970.0,21505.0,21775.0,21775.0,6154.0,BTC=F
2023-02-13,21820.0,21930.0,21380.0,21710.0,21710.0,7442.0,BTC=F
2023-02-14,21700.0,22375.0,21575.0,22335.0,22335.0,8590.0,BTC=F
2023-02-15,22270.0,24415.0,22100.0,24250.0,24250.0,10953.0,BTC=F
2023-02-16,24285.0,25345.0,24245.0,24640.0,24640.0,16546.0,BTC=F
2023-02-17,24080.0,25095.0,23430.0,24870.0,24870.0,12414.0,BTC=F
2023-02-21,24505.0,25335.0,23905.0,24490.0,24490.0,19029.0,BTC=F
2023-02-22,24395.0,24495.0,23590.0,23800.0,23800.0,13563.0,BTC=F
2023-02-23,24100.0,24610.0,23620.0,23920.0,23920.0,11773.0,BTC=F
2023-02-24,23880.0,24100.0,23560.0,23576.0,23576.0,12099.0,BTC=F
2023-02-27,23565.0,24060.0,23235.0,23445.0,23445.0,6664.0,BTC=F
2023-02-28,23585.0,23780.0,23150.0,23410.0,23410.0,6664.0,BTC=F
2023-03-01,23275.0,24005.0,23140.0,23905.0,23905.0,1333.0,BTC=F
